0.0006340999999991936,[-1.00912523  0.05463396 -1.2954073 ],[ 0.7322197   0.29080352 -1.20342398]
0.009198300000001325,[-1.00910294  0.05466034 -1.29536474],[ 0.73221666  0.29078093 -1.20338154]
0.017778700000000924,[-1.00909591  0.05467559 -1.29534507],[ 0.73223317  0.29077947 -1.20334923]
0.029982600000000303,[-1.00907958  0.05469616 -1.29529917],[ 0.73225886  0.29077736 -1.20329726]
0.03835450000000051,[-1.00906444  0.05469386 -1.29527998],[ 0.73229444  0.29076171 -1.20326018]
0.04620440000000059,[-1.00905573  0.05468219 -1.29525924],[ 0.7323271   0.29078609 -1.20322275]
0.058882900000000404,[-1.00906014  0.05468228 -1.29523146],[ 0.73238391  0.29085669 -1.20317268]
0.06689799999999835,[-1.00906801  0.05468965 -1.29521823],[ 0.73240823  0.29091707 -1.20312691]
0.07618069999999832,[-1.00907946  0.05468743 -1.29519486],[ 0.73243183  0.29099149 -1.20306849]
0.08561279999999982,[-1.00909066  0.05470539 -1.29518247],[ 0.73244327  0.29112184 -1.20298874]
0.09388609999999886,[-1.00910223  0.05470154 -1.2951777 ],[ 0.73247647  0.29120541 -1.2029283 ]
0.10516330000000096,[-1.00910676  0.05468458 -1.29516387],[ 0.73251683  0.29128018 -1.20285165]
0.1155274999999989,[-1.00912797  0.05468262 -1.29514766],[ 0.73259163  0.29139677 -1.20279849]
0.12311890000000147,[-1.00914037  0.0546771  -1.29512727],[ 0.73262823  0.29146782 -1.20276165]
0.13188159999999982,[-1.00916052  0.05467714 -1.29510796],[ 0.73264271  0.29157564 -1.20269513]
0.14172860000000043,[-1.00917983  0.05466031 -1.29510009],[ 0.73261184  0.29175267 -1.20249891]
0.1490727000000014,[-1.00921428  0.05465197 -1.29507816],[ 0.73261189  0.29186404 -1.20244753]
0.15714979999999912,[-1.00923741  0.05464536 -1.29507887],[ 0.73258668  0.29203096 -1.20232379]
0.16656520000000086,[-1.00926888  0.05461234 -1.29508138],[ 0.7325756   0.29213086 -1.20228302]
0.17569400000000002,[-1.00930154  0.05456421 -1.29508829],[ 0.73257643  0.29222071 -1.20223212]
0.18428169999999966,[-1.00933051  0.05453186 -1.2950772 ],[ 0.73257154  0.29229683 -1.20218134]
0.19258190000000042,[-1.00935578  0.05450435 -1.29506445],[ 0.73254943  0.29238495 -1.20214176]
0.2021361000000006,[-1.00940418  0.05445308 -1.29507184],[ 0.73253751  0.29244485 -1.20217812]
0.21091510000000113,[-1.00943792  0.05443749 -1.29505348],[ 0.73253709  0.2924886  -1.20214462]
0.21882719999999978,[-1.009462   0.0544075 -1.2950536],[ 0.73253781  0.29252371 -1.20210361]
0.22681730000000044,[-1.00949383  0.05437715 -1.29503453],[ 0.73253882  0.29254302 -1.20207202]
0.23416059999999916,[-1.0095036   0.05436591 -1.29502261],[ 0.73253423  0.29254416 -1.20204699]
0.2439132000000015,[-1.00953531  0.05430741 -1.29499865],[ 0.73255676  0.29252556 -1.20199513]
0.2508037999999999,[-1.00954878  0.05430061 -1.29499567],[ 0.73257643  0.29251277 -1.2019701 ]
0.2594156000000005,[-1.00957465  0.05426285 -1.29497862],[ 0.73258901  0.29248926 -1.2019217 ]
0.26736689999999896,[-1.00959074  0.05423886 -1.29495645],[ 0.73260063  0.29246289 -1.20187533]
0.2773153999999991,[-1.00962102  0.05419749 -1.2949065 ],[ 0.73260546  0.29241651 -1.20180047]
0.28560099999999977,[-1.00963151  0.05417484 -1.29488516],[ 0.73262173  0.29238504 -1.20175087]
0.2953937999999994,[-1.00962651  0.05413691 -1.29486418],[ 0.7326436   0.29233903 -1.20170939]
0.3053601999999991,[-1.00961924  0.05408647 -1.29483449],[ 0.73265725  0.29231372 -1.20164394]
0.31453090000000117,[-1.00959182  0.0540303  -1.29481101],[ 0.73267508  0.29229322 -1.20156431]
0.32304459999999935,[-1.0095638   0.05399321 -1.29477191],[ 0.73270106  0.29234058 -1.20150304]
0.3313099000000008,[-1.00953472  0.05395694 -1.29472411],[ 0.73273826  0.2924481  -1.20146692]
0.33977259999999987,[-1.00949645  0.05393453 -1.29467547],[ 0.7328018  0.2926333 -1.201424 ]
0.3487062999999999,[-1.00943947  0.0539034  -1.2946161 ],[ 0.7328794   0.29294312 -1.20124614]
0.3563343000000003,[-1.00938892  0.05387872 -1.29455638],[ 0.73300409  0.29323074 -1.20128131]
0.36627109999999874,[-1.00934279  0.05383319 -1.29448664],[ 0.73313969  0.29355425 -1.20122874]
0.3739494999999984,[-1.00929284  0.05380283 -1.29437673],[ 0.73325646  0.29397926 -1.20114803]
0.3820861999999998,[-1.00923789  0.05373855 -1.29427207],[ 0.73331249  0.29447544 -1.20096958]
0.38976080000000124,[-1.00918639  0.05370519 -1.29413748],[ 0.73344159  0.29496425 -1.20104527]
0.39953570000000127,[-1.00913823  0.05367528 -1.29397309],[ 0.73353153  0.29556575 -1.20097053]
0.4070959000000016,[-1.00907767  0.05365079 -1.29379284],[ 0.73361123  0.29621285 -1.20092142]
0.4147071000000011,[-1.00900173  0.0536362  -1.29354668],[ 0.73374498  0.29693785 -1.20090139]
0.4232720999999984,[-1.00894022  0.05364376 -1.29328859],[ 0.73389107  0.29765248 -1.20089841]
0.4341310999999983,[-1.00887454  0.0536299  -1.2930218 ],[ 0.73403293  0.29847592 -1.20087826]
0.4438804000000012,[-1.0087781   0.0536168  -1.29255962],[ 0.73426807  0.29968244 -1.20082605]
0.45315370000000144,[-1.00869393  0.05360907 -1.29221845],[ 0.73442811  0.3005504  -1.20072615]
0.4636156000000007,[-1.00859261  0.05362353 -1.29181409],[ 0.73460686  0.301422   -1.20060873]
0.47328309999999973,[-1.00842512  0.05363628 -1.29117382],[ 0.73483574  0.30272084 -1.20032358]
0.48127039999999965,[-1.00829256  0.05364932 -1.29066288],[ 0.73499519  0.30354184 -1.20008814]
0.4882789999999986,[-1.00822127  0.05367287 -1.29038036],[ 0.73507845  0.30395263 -1.19996607]
0.4962060000000008,[-1.00805748  0.05370851 -1.28981698],[ 0.73523343  0.30477709 -1.19969332]
0.5045192999999983,[-1.00787926  0.05376314 -1.28918457],[ 0.73539096  0.30556032 -1.19942665]
0.5131216000000016,[-1.00767016  0.05382038 -1.28849638],[ 0.73552865  0.30633065 -1.19911933]
0.5219835999999987,[-1.0074935   0.05384878 -1.28777766],[ 0.73565298  0.30713964 -1.19880176]
0.5299304000000014,[-1.00729108  0.05390903 -1.28698146],[ 0.73581523  0.30792153 -1.19845986]
0.5397214999999989,[-1.00695181  0.05408579 -1.28562653],[ 0.73601437  0.30900684 -1.19793153]
0.5486930000000001,[-1.0067302   0.05417262 -1.28471494],[ 0.73615438  0.30973083 -1.19755769]
0.557050199999999,[-1.00649357  0.0542642  -1.28371251],[ 0.73628992  0.31042513 -1.19715393]
0.5653627000000014,[-1.00629735  0.05444656 -1.28266323],[ 0.73642099  0.31108692 -1.19671965]
0.5730563000000011,[-1.00609374  0.05458248 -1.2814939 ],[ 0.73657751  0.31170952 -1.19626641]
0.5845184000000003,[-1.00593901  0.05476481 -1.2803241 ],[ 0.73672712  0.3122988  -1.19577861]
0.5927146999999984,[-1.00576246  0.0549516  -1.27902544],[ 0.73688769  0.31288603 -1.19526315]
0.6029553000000014,[-1.0055151   0.05536403 -1.27700341],[ 0.7372005   0.31378311 -1.19443226]
0.6121981000000005,[-1.00537443  0.0556247  -1.27555525],[ 0.73739475  0.31433496 -1.19383681]
0.620682200000001,[-1.00522268  0.05591803 -1.27403867],[ 0.73753667  0.31484598 -1.19322896]
0.6302358999999988,[-1.00509918  0.05623908 -1.27245677],[ 0.73764157  0.31534988 -1.1926192 ]
0.6386922999999989,[-1.00494432  0.05656894 -1.27083099],[ 0.7377103   0.31581411 -1.19201159]
0.6486866000000013,[-1.00471187  0.05708118 -1.26819456],[ 0.73780286  0.316448   -1.19101894]
0.6588412999999989,[-1.00454473  0.05751164 -1.26625836],[ 0.7378487   0.31689408 -1.1903218 ]
0.6673903999999986,[-1.00446498  0.05772146 -1.2645942 ],[ 0.73787904  0.31731582 -1.1896261 ]
0.675344599999999,[-1.00437415  0.05809729 -1.26280987],[ 0.73790157  0.31772879 -1.18892932]
0.6836170999999993,[-1.00408518  0.05857173 -1.26074052],[ 0.73790461  0.31812638 -1.18819559]
0.6935071000000015,[-1.00384128  0.05910648 -1.25776839],[ 0.7378931   0.31872043 -1.18709707]
0.7022115000000007,[-1.00334537  0.05990057 -1.25511527],[ 0.73789835  0.31913242 -1.18634558]
0.7128017,[-1.00330615  0.06016729 -1.25330532],[ 0.73789245  0.31954744 -1.18557751]
0.7229203999999996,[-1.00325608  0.06042627 -1.25051129],[ 0.73790526  0.32017088 -1.1843816 ]
0.7311236000000001,[-1.00266027  0.06130691 -1.24774694],[ 0.73791069  0.32059062 -1.18359637]
0.7397273999999996,[-1.00240982  0.06175931 -1.24558163],[ 0.73789495  0.32100585 -1.18282843]
0.749082099999999,[-1.00219285  0.06220825 -1.24342585],[ 0.73788846  0.3214331  -1.18207204]
0.7574334,[-1.00237191  0.06218822 -1.24192452],[ 0.73789704  0.32183221 -1.18130839]
0.7654910999999984,[-1.00158262  0.06311569 -1.23902631],[ 0.73789549  0.32220891 -1.18055153]
0.7730949000000003,[-1.00129092  0.06357466 -1.23680592],[ 0.73790026  0.32257205 -1.17979801]
0.7799954000000007,[-1.00115585  0.06378771 -1.23573935],[ 0.73791188  0.32275578 -1.17943895]
0.7878666999999986,[-1.00122118  0.06393365 -1.23405361],[ 0.73793602  0.3231191  -1.17868185]
0.7963901,[-1.00055695  0.06476288 -1.23124623],[ 0.73798144  0.32347733 -1.17790377]
0.8047223000000017,[-1.00022113  0.0652267  -1.22899735],[ 0.73803532  0.32382491 -1.17711818]
0.8147008999999983,[-1.00003409  0.06556867 -1.22626114],[ 0.73813093  0.32430482 -1.17602086]
0.8219576999999987,[-0.99966586  0.06608583 -1.22470653],[ 0.73817259  0.32446614 -1.17564571]
0.8312044999999983,[-0.99905467  0.06677928 -1.22113192],[ 0.7383222   0.32487246 -1.17460477]
0.8383843999999989,[-0.99894255  0.06696519 -1.22003257],[ 0.73836285  0.32503089 -1.17423451]
0.8461761999999986,[-0.99863642  0.06736425 -1.21775687],[ 0.73851871  0.32524085 -1.17355537]
0.8555536000000004,[-0.99878109  0.06726732 -1.21616614],[ 0.73863548  0.32548106 -1.17286909]
0.8657795999999998,[-0.99824888  0.06786574 -1.21272779],[ 0.73886484  0.32580769 -1.17190039]
0.8737530000000007,[-0.99786985  0.06827032 -1.21047497],[ 0.73900759  0.32604298 -1.17127502]
0.8823585999999999,[-0.99749219  0.06870398 -1.20822322],[ 0.73915255  0.32623979 -1.17069435]
0.8905257000000013,[-0.99712265  0.06898628 -1.20604646],[ 0.73929214  0.32641175 -1.17012644]
0.8980850999999994,[-0.99673247  0.06930136 -1.20381188],[ 0.73943329  0.32658294 -1.16956019]
0.9084594999999993,[-0.99634284  0.06967803 -1.20151484],[ 0.73958635  0.32676217 -1.1689719 ]
0.9172568000000005,[-0.99594927  0.06998546 -1.19931567],[ 0.7397294   0.32691118 -1.1683985 ]
0.927854,[-0.99540365  0.07035425 -1.19604659],[ 0.73994476  0.32705128 -1.16758192]
0.9355091999999985,[-0.99501067  0.0706192  -1.1938895 ],[ 0.7400834   0.32713056 -1.16703963]
0.9466286000000004,[-0.99460948  0.07083786 -1.19171929],[ 0.74022365  0.32718578 -1.16648614]
0.9553487999999994,[-0.99424744  0.07103115 -1.18958712],[ 0.74035603  0.32723647 -1.16593003]
0.9632888999999984,[-0.99383932  0.07126898 -1.1874727 ],[ 0.74051088  0.32725924 -1.1653738 ]
0.9711855999999983,[-0.99347591  0.0714831  -1.18540347],[ 0.74065393  0.32727644 -1.16483879]
0.9783363999999999,[-0.9930858   0.07172921 -1.18334317],[ 0.74080014  0.32727188 -1.16430116]
0.987551100000001,[-0.99264479  0.07193421 -1.18126869],[ 0.74094772  0.32724091 -1.16377914]
0.9969825000000014,[-0.99226534  0.07216509 -1.17921686],[ 0.74106693  0.32720238 -1.16329026]
1.0074702000000002,[-0.99199378  0.07222643 -1.17630267],[ 0.74121553  0.32719374 -1.16257632]
1.017064099999999,[-0.99165571  0.07234886 -1.17428446],[ 0.74130064  0.32717174 -1.1621424 ]
1.0289117999999995,[-0.99116945  0.07253232 -1.17128241],[ 0.74140972  0.32712731 -1.16151357]
1.0382604999999998,[-0.99087572  0.07264981 -1.16925573],[ 0.74146771  0.32709056 -1.16111386]
1.048769,[-0.99041909  0.07280215 -1.16626394],[ 0.74152571  0.32702708 -1.16048348]
1.0580803000000003,[-0.99011552  0.07291511 -1.16429961],[ 0.74155653  0.32696745 -1.16004813]
1.0689105999999988,[-0.98965913  0.07303417 -1.16137397],[ 0.74158907  0.32685095 -1.15942061]
1.0773632000000006,[-0.98934245  0.07307824 -1.15942609],[ 0.74160475  0.32680687 -1.15900898]
1.0870420000000003,[-0.98906159  0.07302907 -1.15756142],[ 0.74158728  0.32676587 -1.15861213]
1.0949589999999993,[-0.98862845  0.0732521  -1.15534151],[ 0.74153692  0.3267414  -1.15821826]
1.1054245000000016,[-0.98848277  0.07315185 -1.15347052],[ 0.74145061  0.32672161 -1.15781999]
1.1148322999999998,[-0.98817003  0.07306399 -1.15058494],[ 0.74127555  0.32672077 -1.15725756]
1.1258054000000008,[-0.98794621  0.07296642 -1.14858234],[ 0.7411167   0.32671922 -1.15691328]
1.1353557999999992,[-0.98771316  0.07283898 -1.14560223],[ 0.74084127  0.32673413 -1.15644062]
1.144389199999999,[-0.98755234  0.07272154 -1.14361262],[ 0.74062759  0.32677239 -1.15610218]
1.1524162000000011,[-0.98742467  0.07260343 -1.14160562],[ 0.74042791  0.32681724 -1.15576565]
1.1608398000000015,[-0.98726279  0.07253526 -1.13957441],[ 0.74021226  0.32687098 -1.15543866]
1.1695189,[-0.98718697  0.07248136 -1.13757122],[ 0.73998719  0.32691532 -1.15513587]
1.1772190999999985,[-0.98700559  0.07247779 -1.13557303],[ 0.73975152  0.32696199 -1.15484548]
1.1898356999999997,[-0.98650867  0.07253697 -1.1326443 ],[ 0.73940146  0.32701063 -1.15441823]
1.1981046000000006,[-0.98642355  0.07256716 -1.13072431],[ 0.73916948  0.32701096 -1.15411973]
1.2063717999999994,[-0.98624998  0.07260049 -1.12882137],[ 0.73893267  0.32700393 -1.1538285 ]
1.2146760999999984,[-0.98607439  0.07262161 -1.12694156],[ 0.73868775  0.32696149 -1.15356064]
1.2231923999999985,[-0.98593068  0.07261883 -1.12506151],[ 0.73843366  0.32690978 -1.15330732]
1.2298608000000009,[-0.98587692  0.07263312 -1.1241194 ],[ 0.7383132   0.32685739 -1.15318453]
1.2379329000000006,[-0.98565871  0.0726461  -1.12224412],[ 0.73804343  0.32674307 -1.15292454]
1.246301299999999,[-0.98549426  0.07264426 -1.12045777],[ 0.73777926  0.32660937 -1.15268314]
1.2538713000000001,[-0.98529881  0.07263531 -1.11867392],[ 0.73754513  0.32646415 -1.1524713 ]
1.2618010999999996,[-0.98513943  0.07266252 -1.11690927],[ 0.73733389  0.32629052 -1.15226245]
1.2700199999999988,[-0.98495424  0.07270377 -1.11517012],[ 0.73712093  0.32610321 -1.15207195]
1.2771623000000005,[-0.98482209  0.07271789 -1.11348367],[ 0.73692626  0.3258934  -1.15190268]
1.2866909,[-0.98461324  0.07276811 -1.11180973],[ 0.73673165  0.32568187 -1.15176022]
1.2945366999999983,[-0.98445576  0.07275981 -1.11010492],[ 0.73657191  0.32544634 -1.15164781]
1.3022853999999988,[-0.98428458  0.0727699  -1.10849166],[ 0.73644483  0.32520434 -1.15154815]
1.312325099999999,[-0.98413557  0.07274225 -1.10687733],[ 0.73634213  0.32492545 -1.15146458]
1.3199897999999983,[-0.9840098   0.07269798 -1.10521376],[ 0.7362262   0.32463747 -1.15140796]
1.3278241999999985,[-0.98394245  0.07258411 -1.10368598],[ 0.73611766  0.32430825 -1.15138233]
1.336421399999999,[-0.9838475   0.07250026 -1.10209465],[ 0.73600847  0.32396114 -1.15137315]
1.3469605999999992,[-0.98380458  0.072405   -1.1004765 ],[ 0.73589885  0.32360515 -1.1513859 ]
1.3571027999999998,[-0.98381203  0.07220975 -1.09815788],[ 0.73573583  0.32301572 -1.15145636]
1.365337799999999,[-0.98375326  0.07211254 -1.09660399],[ 0.7356329   0.32257825 -1.15152657]
1.3731903999999986,[-0.98360288  0.07213212 -1.09485817],[ 0.73550069  0.32210955 -1.15159094]
1.3845557,[-0.9835735   0.07195808 -1.09332967],[ 0.73537254  0.3216247  -1.15164804]
1.3924805000000013,[-0.98357624  0.07173853 -1.09188998],[ 0.73523223  0.32114846 -1.1517067 ]
1.4004316999999986,[-0.98355037  0.07154344 -1.09029436],[ 0.73509419  0.32069203 -1.15179443]
1.4075743000000003,[-0.98348045  0.07133763 -1.08882356],[ 0.73498726  0.32019261 -1.15192056]
1.4156726999999982,[-0.98362106  0.07098944 -1.08736908],[ 0.7348392   0.31965727 -1.15206337]
1.4246789,[-0.98373038  0.07062946 -1.08592677],[ 0.73468429  0.31908014 -1.15219653]
1.4351410000000016,[-0.98386472  0.07002023 -1.08375847],[ 0.7343924   0.3181676  -1.15236962]
1.4427467999999983,[-0.98381633  0.06988621 -1.08299482],[ 0.73429817  0.31785923 -1.15244532]
1.450921300000001,[-0.98394936  0.0694963  -1.08156645],[ 0.73412615  0.31722581 -1.15262687]
1.4588316,[-0.98409092  0.06897095 -1.08021522],[ 0.733962    0.31660044 -1.15278804]
1.4668768000000014,[-0.98416263  0.06851707 -1.0788604 ],[ 0.73380142  0.3159906  -1.15294886]
1.4753483000000003,[-0.98414904  0.06810789 -1.07745373],[ 0.73360479  0.31532195 -1.15312946]
1.4837759999999989,[-0.9841916   0.06767949 -1.07613468],[ 0.73340523  0.31467065 -1.15334046]
1.4938062999999993,[-0.98421311  0.06692505 -1.07424915],[ 0.73310596  0.313692   -1.15366554]
1.5035185999999996,[-0.9842456   0.06642561 -1.07293332],[ 0.73292786  0.31299001 -1.15390325]
1.5112859999999984,[-0.98426527  0.06591836 -1.07176363],[ 0.73274881  0.31232572 -1.15414679]
1.5188528999999988,[-0.98423052  0.06542046 -1.07052171],[ 0.73255485  0.31167057 -1.15442145]
1.5271293999999997,[-0.98414946  0.06489605 -1.0693872 ],[ 0.73237473  0.31101137 -1.15472722]
1.536287999999999,[-0.98411345  0.06434213 -1.06819785],[ 0.73218673  0.3103371  -1.15500319]
1.5445892999999984,[-0.98403984  0.06383023 -1.06708884],[ 0.7320143   0.30971202 -1.15529501]
1.5541704000000003,[-0.98392469  0.06330762 -1.06591594],[ 0.73184258  0.30906042 -1.15561402]
1.5616598999999987,[-0.9838686   0.06271502 -1.06482327],[ 0.731655    0.30840224 -1.15595484]
1.5708200999999988,[-0.98375684  0.06213862 -1.06373322],[ 0.73149717  0.3077772  -1.15630102]
1.5815616999999982,[-0.98360997  0.06124823 -1.06211483],[ 0.73124737  0.30685595 -1.15682042]
1.5919862999999985,[-0.98355812  0.06059315 -1.06102741],[ 0.73105979  0.30621526 -1.15720236]
1.600797,[-0.98342812  0.0600314  -1.05997956],[ 0.73090309  0.30559722 -1.15758622]
1.6092113999999995,[-0.98332638  0.05940561 -1.05891716],[ 0.73074651  0.30499992 -1.15796304]
1.6173269999999995,[-0.98323447  0.05875753 -1.05783856],[ 0.73057163  0.30439502 -1.15839183]
1.6280532,[-0.98300213  0.05787427 -1.05616832],[ 0.73033255  0.30358443 -1.15903759]
1.6378267000000015,[-0.98283398  0.0572255  -1.0551517 ],[ 0.73018157  0.30305088 -1.15945864]
1.6467178000000011,[-0.98279583  0.05657248 -1.05403364],[ 0.73001623  0.30251947 -1.1598779 ]
1.6547285999999986,[-0.98251575  0.05597731 -1.05295026],[ 0.72984546  0.30194703 -1.16032457]
1.6632226999999986,[-0.98243397  0.05528828 -1.05189681],[ 0.72966313  0.30141425 -1.16073561]
1.6713449000000011,[-0.98228014  0.05465474 -1.05084455],[ 0.72947413  0.30090681 -1.16119933]
1.6795046000000013,[-0.98209822  0.05398509 -1.04978955],[ 0.72929573  0.30039668 -1.16163576]
1.6869346000000007,[-0.98193496  0.05333278 -1.04871821],[ 0.72912908  0.29987967 -1.16208577]
1.6947551999999995,[-0.98170686  0.05269282 -1.04769969],[ 0.7289632  0.2993896 -1.1625191]
1.7036683000000004,[-0.98147625  0.05204149 -1.04670024],[ 0.72877097  0.29890451 -1.16292167]
1.7116231000000006,[-0.98125875  0.05135472 -1.04573321],[ 0.72861773  0.298399   -1.16333294]
1.7201574999999991,[-0.98110735  0.05063668 -1.04473615],[ 0.72847301  0.29792967 -1.16374731]
1.7281446000000003,[-0.98074847  0.05000541 -1.04376876],[ 0.72832304  0.29745066 -1.16413224]
1.7368342000000005,[-0.98061091  0.04931258 -1.04279006],[ 0.72817516  0.29695863 -1.16449642]
1.7481566000000015,[-0.98025078  0.048315   -1.04135644],[ 0.72797602  0.29623336 -1.16501689]
1.7586258000000008,[-0.97998089  0.04762312 -1.04047549],[ 0.72784549  0.29574877 -1.16533148]
1.7695551999999992,[-0.97956485  0.04658916 -1.03912485],[ 0.72767782  0.29503691 -1.16576111]
1.7794062000000004,[-0.9792456   0.04595326 -1.03824461],[ 0.72755086  0.29454586 -1.16604662]
1.7866378000000012,[-0.97893751  0.04531327 -1.03737867],[ 0.72743547  0.2941021  -1.16632819]
1.7945637999999988,[-0.97869319  0.04460531 -1.03659356],[ 0.72729981  0.29366219 -1.16660058]
1.8028921999999987,[-0.97839284  0.04393671 -1.03580463],[ 0.72715968  0.29321313 -1.16687918]
1.8113658999999984,[-0.97802985  0.04329773 -1.03498113],[ 0.72702467  0.29278314 -1.16711664]
1.8187734000000013,[-0.9776991   0.04265542 -1.03425288],[ 0.72689235  0.29238561 -1.16735339]
1.8271693000000013,[-0.97733158  0.042003   -1.0334748 ],[ 0.72677952  0.29202998 -1.16757929]
1.836542699999999,[-0.97695893  0.04139958 -1.03273153],[ 0.72667432  0.29171357 -1.16780949]
1.8445302000000012,[-0.97663313  0.04072678 -1.0320822 ],[ 0.72656214  0.29143345 -1.16801298]
1.8523406000000016,[-0.97630554  0.04005746 -1.03146231],[ 0.72647536  0.29119632 -1.16821086]
1.8614050000000013,[-0.97592217  0.03941238 -1.03075564],[ 0.72636974  0.29100576 -1.16839516]
1.8708084000000014,[-0.97554308  0.03877215 -1.03015065],[ 0.72624636  0.290833   -1.16857183]
1.8783031000000001,[-0.97517002  0.03813675 -1.02956116],[ 0.72609711  0.29066965 -1.16872656]
1.8862603,[-0.97473568  0.03754004 -1.02893317],[ 0.72591668  0.29049936 -1.16888094]
1.8954345000000004,[-0.97433245  0.03691051 -1.02831602],[ 0.72572613  0.29035744 -1.16904247]
1.9036796000000002,[-0.97399408  0.03620717 -1.02783918],[ 0.72551376  0.29024565 -1.16918528]
1.9170689000000003,[-0.97345036  0.03523321 -1.02708542],[ 0.72521263  0.29012775 -1.16938174]
1.9255148999999996,[-0.97304463  0.03462181 -1.02656281],[ 0.72502136  0.29006979 -1.16949451]
1.9342830999999983,[-0.97265548  0.0339866  -1.02608252],[ 0.72482514  0.29004923 -1.16960919]
1.9439856000000013,[-0.97216463  0.03297679 -1.02543473],[ 0.72444457  0.29004502 -1.16972756]
1.9533489999999993,[-0.9718343   0.03229074 -1.02498078],[ 0.72422534  0.2900407  -1.16982496]
1.9615031999999992,[-0.97148401  0.0316173  -1.02458334],[ 0.72399843  0.29005155 -1.16990399]
1.9687944000000002,[-0.97113419  0.03093104 -1.02418733],[ 0.72378117  0.29006997 -1.16998529]
1.9786421999999995,[-0.97082359  0.03024045 -1.02385783],[ 0.72355336  0.29011303 -1.17007077]
1.9861463000000015,[-0.97050261  0.02957539 -1.02349305],[ 0.72332859  0.29015458 -1.17015517]
1.9938871999999996,[-0.97022277  0.0288769  -1.0231421 ],[ 0.72310603  0.29019266 -1.17023098]
2.0011262999999992,[-0.97006869  0.02851348 -1.02297485],[ 0.72299141  0.29020682 -1.17025781]
2.0108454999999985,[-0.96958292  0.02756022 -1.02253079],[ 0.72266102  0.29023108 -1.17031038]
2.0188574999999993,[-0.96934968  0.02686796 -1.02229559],[ 0.72245133  0.2902489  -1.17033935]
2.0271766999999983,[-0.96908593  0.02619182 -1.02206385],[ 0.7222746   0.29027021 -1.17034078]
2.0352850999999994,[-0.96883118  0.02548707 -1.02186155],[ 0.7221325   0.29030275 -1.17034113]
2.045512200000001,[-0.96861517  0.02478058 -1.02168727],[ 0.7220028   0.29033986 -1.17035103]
2.0539771999999985,[-0.96837622  0.02408427 -1.02150393],[ 0.72188395  0.29038605 -1.17037022]
2.0630130000000015,[-0.96815878  0.02344534 -1.02131677],[ 0.72177786  0.29043904 -1.17042589]
2.0707072999999987,[-0.96793431  0.02284211 -1.0211693 ],[ 0.72167575  0.29048622 -1.17049551]
2.0782254999999985,[-0.96772945  0.02218563 -1.02104402],[ 0.72158211  0.29055905 -1.17056608]
2.0861835999999983,[-0.96753103  0.02148015 -1.02096033],[ 0.72152901  0.29060671 -1.1706394 ]
2.0953307000000017,[-0.96737313  0.02077091 -1.02091587],[ 0.7214818   0.29064134 -1.17070138]
2.103085499999999,[-0.96730453  0.01994035 -1.02109241],[ 0.72145319  0.29066154 -1.17077661]
2.111412399999999,[-0.96699262  0.01950666 -1.02071834],[ 0.72144562  0.29066029 -1.17086399]
2.1190581,[-0.96673197  0.01892503 -1.02056909],[ 0.72145611  0.29066578 -1.17094934]
2.1277803000000013,[-0.96671879  0.01802897 -1.02088606],[ 0.72148716  0.29062691 -1.17101216]
2.1366633999999998,[-0.96642971  0.01760549 -1.0205723 ],[ 0.72153145  0.29059976 -1.17110741]
2.1455145999999985,[-0.96622503  0.01702059 -1.02046347],[ 0.72158349  0.29055837 -1.1712153 ]
2.1548711999999988,[-0.966142    0.01634349 -1.02045584],[ 0.72166222  0.2905131  -1.17134202]
2.163631200000001,[-0.96604675  0.01569665 -1.02047765],[ 0.72176003  0.29046449 -1.17146814]
2.173021500000001,[-0.96584618  0.01476672 -1.02043927],[ 0.72189367  0.29034567 -1.17167258]
2.1821215999999986,[-0.96572548  0.0141511  -1.02040029],[ 0.721982    0.29026347 -1.17182338]
2.1914768000000002,[-0.96560758  0.01352157 -1.02032864],[ 0.72207832  0.29017964 -1.17198551]
2.199501399999999,[-0.96549487  0.01292274 -1.02029252],[ 0.72217506  0.29008335 -1.17215836]
2.2069387999999996,[-0.96538454  0.01231345 -1.02029812],[ 0.72225535  0.28998214 -1.17233407]
2.2146329000000016,[-0.96528673  0.01167525 -1.02030492],[ 0.72234464  0.2898767  -1.17248499]
2.2221690999999986,[-0.96523547  0.01137762 -1.0202992 ],[ 0.72239846  0.28981522 -1.17256677]
2.2321928,[-0.96513319  0.01041772 -1.02027917],[ 0.72251415  0.28962806 -1.17283583]
2.2397855,[-0.9650768   0.00979457 -1.02028048],[ 0.7225914   0.28947389 -1.17296755]
2.246961599999999,[-0.96504289  0.00950643 -1.02027714],[ 0.7226482   0.28939062 -1.17296541]
2.2565573000000008,[-0.96492082  0.00860035 -1.02022111],[ 0.72269744  0.28914952 -1.17322373]
2.2646431999999983,[-0.96483493  0.00799005 -1.02019262],[ 0.72273302  0.28898755 -1.17334902]
2.272793199999999,[-0.96476412  0.00740289 -1.02016199],[ 0.72277558  0.28880313 -1.17348325]
2.2799265999999996,[-0.96473545  0.00713668 -1.02014887],[ 0.72278899  0.28872162 -1.17355263]
2.2907273000000004,[-0.9646607   0.00631305 -1.0201143 ],[ 0.72283751  0.28844255 -1.17373645]
2.298641700000001,[-0.96462268  0.00570393 -1.02009428],[ 0.72289473  0.28825533 -1.1737988 ]
2.306442099999998,[-0.96459293  0.00512936 -1.02005684],[ 0.7229234   0.28808725 -1.17394841]
2.316146,[-0.96458125  0.0045501  -1.02006412],[ 0.72295517  0.28794792 -1.17403769]
2.3249737999999986,[-0.96456736  0.00397917 -1.02010489],[ 0.72297734  0.28781322 -1.17412114]
2.3341087000000016,[-0.96454293  0.00343074 -1.02012086],[ 0.7229889   0.28765273 -1.17419994]
2.3456978,[-0.96450186  0.00269317 -1.02013338],[ 0.72297812  0.28742233 -1.17431676]
2.356585899999999,[-0.96447569  0.00193571 -1.0201875 ],[ 0.72294796  0.28721473 -1.17444813]
2.3650898,[-0.9644478   0.00140593 -1.02023625],[ 0.72291446  0.28708422 -1.17454946]
2.3729166,[-9.64434505e-01  8.79843254e-04 -1.02028179e+00],[ 0.72290146  0.28697795 -1.17463291]
2.3814703,[-9.64409411e-01  4.01349738e-04 -1.02033603e+00],[ 0.72289956  0.28689498 -1.17471826]
2.3900587999999985,[-9.64355111e-01 -3.52822244e-05 -1.02036810e+00],[ 0.72288114  0.2868422  -1.17481101]
2.398200599999999,[-9.64232445e-01 -4.43489524e-04 -1.02038276e+00],[ 0.72285879  0.28677481 -1.17490125]
2.4066267000000003,[-9.64198172e-01 -8.61953944e-04 -1.02045989e+00],[ 0.72283238  0.28670996 -1.17497611]
2.4146089999999987,[-0.96414292 -0.00125759 -1.02053034],[ 0.72280443  0.28666049 -1.17504156]
2.422055799999999,[-0.96411675 -0.00144822 -1.02057481],[ 0.7227869   0.28663191 -1.17507339]
2.431265,[-0.96402389 -0.00202579 -1.02071154],[ 0.72276264  0.2865192  -1.17516041]
2.438514999999999,[-0.96399772 -0.00220751 -1.02077281],[ 0.72275555  0.28647575 -1.17518735]
2.446496700000001,[-0.96393943 -0.00253704 -1.02088869],[ 0.72272915  0.28640518 -1.17521989]
2.4548474999999996,[-0.96384621 -0.0028112  -1.0210011 ],[ 0.72270417  0.2863442  -1.17526138]
2.4629516000000002,[-0.96375948 -0.00307468 -1.02109897],[ 0.72268885  0.28628516 -1.17528749]
2.4710289000000003,[-0.96367437 -0.00326195 -1.02119529],[ 0.72266555  0.28622273 -1.17532158]
2.478281899999999,[-0.96360588 -0.00344394 -1.0213058 ],[ 0.72263503  0.28617713 -1.17537022]
2.4872438999999993,[-0.96350688 -0.00358384 -1.02142322],[ 0.72261858  0.28613052 -1.17541015]
2.4969414000000008,[-0.96341705 -0.00372205 -1.02155304],[ 0.72259635  0.28610381 -1.17544627]
2.5070681000000015,[-0.96331942 -0.00391801 -1.02174485],[ 0.72258842  0.28603491 -1.17548883]
2.5146179999999987,[-0.96323776 -0.00399227 -1.02186787],[ 0.72259754  0.2859855  -1.17551053]
2.521650000000001,[-0.96320409 -0.00401818 -1.02193952],[ 0.72259593  0.28597155 -1.1755116 ]
2.532304100000001,[-0.96307766 -0.00407915 -1.02214086],[ 0.72259146  0.28592092 -1.1755234 ]
2.540804099999999,[-0.96308404 -0.00425033 -1.02246201],[ 0.722592    0.28587669 -1.17552733]
2.5487082,[-0.96300572 -0.00426923 -1.02261519],[ 0.7225998   0.2858474  -1.17552698]
2.5564201000000004,[-0.96293491 -0.00430395 -1.02278531],[ 0.72261453  0.28583688 -1.17553973]
2.5648212999999984,[-0.96285367 -0.00431454 -1.02295458],[ 0.72264057  0.28583172 -1.17554235]
2.5729104000000014,[-0.96269739 -0.00420251 -1.02294207],[ 0.7226885   0.28581282 -1.17552722]
2.5814078999999985,[-0.96264297 -0.00422675 -1.0231514 ],[ 0.72273266  0.28580108 -1.17551053]
2.5886978999999997,[-0.96262163 -0.00423546 -1.02326167],[ 0.72275937  0.2857942  -1.17550123]
2.5980402,[-0.96251583 -0.00423028 -1.02355027],[ 0.72283244  0.2858265  -1.17549944]
2.6067849999999986,[-0.96245831 -0.00427258 -1.023826  ],[ 0.72288609  0.2858462  -1.17548263]
2.6156615999999993,[-0.96239537 -0.00425477 -1.02400863],[ 0.72294235  0.28585681 -1.17546618]
2.624257400000001,[-0.96232551 -0.00421787 -1.02409446],[ 0.72299492  0.28587788 -1.17544508]
2.633728099999999,[-0.96226501 -0.0042173  -1.02430594],[ 0.7230441   0.28589696 -1.17541766]
2.6418935999999995,[-0.96219844 -0.00426125 -1.02451527],[ 0.72311491  0.28590351 -1.17539752]
2.6486726999999988,[-0.9621467  -0.00428442 -1.02472365],[ 0.72318274  0.28592899 -1.17536676]
2.6564085000000013,[-0.96208668 -0.00432028 -1.02500439],[ 0.72325331  0.2859717  -1.17533064]
2.663273199999999,[-0.96206266 -0.00433113 -1.02511024],[ 0.72328687  0.28599545 -1.17530811]
2.6720365999999984,[-0.96202719 -0.00434914 -1.02530897],[ 0.72336322  0.2860463  -1.17526519]
2.6815098999999982,[-0.96195775 -0.00437057 -1.0256027 ],[ 0.7234655   0.28611666 -1.17519474]
2.692386899999999,[-0.96194303 -0.00439221 -1.02579546],[ 0.7235564   0.28615206 -1.17509615]
2.7029065999999986,[-0.96190405 -0.00438908 -1.02608228],[ 0.72365838  0.28623152 -1.17501259]
2.712808899999999,[-0.96187937 -0.00442132 -1.02630186],[ 0.72372401  0.28626719 -1.17494488]
2.7217535999999996,[-0.96186829 -0.00441768 -1.02648616],[ 0.72380346  0.28630447 -1.17485583]
2.7312864999999995,[-0.96186417 -0.00438249 -1.02674162],[ 0.72388089  0.28639388 -1.1747613 ]
2.7424062000000013,[-0.96185315 -0.00435378 -1.02691329],[ 0.72392285  0.28645045 -1.17469716]
2.7531469999999985,[-0.96184647 -0.00425151 -1.02710807],[ 0.72396207  0.28651312 -1.17461181]
2.7618817,[-0.9618634  -0.00418854 -1.02722239],[ 0.72397804  0.28658372 -1.17454803]
2.7727523000000005,[-0.96187437 -0.00409838 -1.02740252],[ 0.72400475  0.28666747 -1.17444479]
2.7799391,[-0.96187943 -0.00407267 -1.0274533 ],[ 0.72401011  0.28667483 -1.17440498]
2.7884014000000015,[-0.96190274 -0.00399918 -1.02753437],[ 0.72400331  0.28670874 -1.17433035]
2.7962191999999995,[-0.96192718 -0.00390797 -1.02762878],[ 0.72397363  0.28675413 -1.17426562]
2.8047326000000012,[-0.96194214 -0.00379867 -1.02772963],[ 0.72394544  0.28678858 -1.17420197]
2.8146386999999997,[-0.961972   -0.00363089 -1.02782619],[ 0.72388232  0.28682712 -1.17411077]
2.8231821000000004,[-0.96199191 -0.00350287 -1.02788436],[ 0.72383541  0.28685021 -1.17405367]
2.8329251000000006,[-0.96200633 -0.00337352 -1.02794015],[ 0.72377843  0.28689176 -1.17401433]
2.8434358999999994,[-0.96202087 -0.00316892 -1.02804756],[ 0.72370142  0.2869513  -1.17396271]
2.8532066,[-0.96203274 -0.00304706 -1.02809739],[ 0.72364199  0.28696501 -1.17392015]
2.861975000000001,[-0.96204489 -0.00292025 -1.02815926],[ 0.72355461  0.28697985 -1.17388046]
2.8745180999999995,[-0.9620589  -0.00268414 -1.02826178],[ 0.72340882  0.28701964 -1.17383564]
2.8827694999999984,[-0.96206689 -0.00254443 -1.02830863],[ 0.72330475  0.28701976 -1.17379725]
2.8905166000000015,[-0.96205944 -0.00239086 -1.02834928],[ 0.72319502  0.28700632 -1.17376804]
2.8980527999999985,[-0.96212608 -0.00238183 -1.02856481],[ 0.72307199  0.28697515 -1.17373276]
2.9069971999999993,[-0.96212769 -0.00225299 -1.02861476],[ 0.72294134  0.28696877 -1.1737107 ]
2.9149427999999986,[-0.96212125 -0.00209273 -1.02864826],[ 0.72282749  0.28695917 -1.17368317]
2.9233972,[-0.962116   -0.00194042 -1.02865458],[ 0.72271091  0.28695369 -1.17363751]
2.933182800000001,[-0.962111   -0.00177229 -1.02865887],[ 0.72260195  0.28696519 -1.17360377]
2.9428048999999987,[-0.96209645 -0.0015872  -1.02867579],[ 0.72247571  0.28698903 -1.17356098]
2.9522288000000003,[-0.9619782  -0.00114601 -1.02845562],[ 0.72230363  0.28701872 -1.1734966 ]
2.9616115,[-9.61981893e-01 -1.00591907e-03 -1.02850938e+00],[ 0.72218943  0.28700957 -1.17344284]
2.9688406,[-9.61945415e-01 -7.98946538e-04 -1.02849555e+00],[ 0.72206461  0.28700495 -1.17339575]
2.9762100999999994,[-9.61924911e-01 -7.01645971e-04 -1.02848566e+00],[ 0.72201234  0.28700662 -1.17337823]
2.9852774999999987,[-9.61866260e-01 -4.29209904e-04 -1.02848947e+00],[ 0.72184265  0.28700218 -1.17330647]
2.9939281000000015,[-9.61726606e-01 -2.12898245e-04 -1.02850735e+00],[ 0.7217353   0.2869786  -1.17324698]
3.0008304999999993,[-9.61697519e-01 -1.21622579e-04 -1.02850103e+00],[ 0.72168428  0.28696233 -1.17322099]
3.010229299999999,[-9.61624801e-01  1.70059269e-04 -1.02848077e+00],[ 0.7215445   0.28696629 -1.17315483]
3.018906300000001,[-9.61659729e-01  3.58932768e-04 -1.02841985e+00],[ 0.72146189  0.28696322 -1.17310011]
3.027718700000001,[-9.61513996e-01  5.49875782e-04 -1.02844775e+00],[ 0.72138524  0.28694043 -1.17302036]
3.037393399999999,[-9.61466789e-01  7.09060114e-04 -1.02842402e+00],[ 0.72131348  0.28692245 -1.17294848]
3.0448476000000007,[-9.61395085e-01  8.85011046e-04 -1.02843523e+00],[ 0.7212258   0.28692693 -1.17288542]
3.0544806000000015,[-0.9613446   0.00105381 -1.02843261],[ 0.72113729  0.28692868 -1.17281842]
3.062901,[-0.96127319  0.00124193 -1.02843404],[ 0.72105968  0.2869046  -1.1727587 ]
3.0740011000000003,[-0.96115589  0.00153046 -1.02842903],[ 0.7209689   0.2868965  -1.17263925]
3.0814541999999996,[-0.96106714  0.00169948 -1.02844965],[ 0.72091144  0.2868813  -1.17256784]
3.090150699999999,[-0.96096915  0.00186707 -1.02842319],[ 0.72087336  0.28686839 -1.1724962 ]
3.098114599999999,[-0.96142209  0.00195443 -1.02945578],[ 0.72099411  0.28656229 -1.17373574]
3.1074939000000015,[-0.96135449  0.00207231 -1.02946961],[ 0.72096527  0.28657666 -1.17365122]
3.1190415000000016,[-0.96119988  0.00227551 -1.02949977],[ 0.72095406  0.28659952 -1.17356575]
3.1279755000000016,[-0.96109885  0.00240934 -1.02950013],[ 0.72093397  0.28659829 -1.17351496]
3.135852400000001,[-0.96101391  0.00255011 -1.02950275],[ 0.72091466  0.28658104 -1.17346835]
3.144104200000001,[-0.96089828  0.00269973 -1.02951074],[ 0.72088975  0.28656739 -1.17341363]
3.153335200000001,[-0.96078622  0.00282659 -1.02952242],[ 0.72086716  0.28655347 -1.17335427]
3.1618698000000016,[-0.96069968  0.00295525 -1.02952242],[ 0.72085106  0.28652552 -1.17328906]
3.1699593999999998,[-0.96060979  0.0030527  -1.0295428 ],[ 0.72084546  0.28649151 -1.17321837]
3.1781982000000006,[-0.96054322  0.00318311 -1.02956438],[ 0.72083175  0.28647044 -1.17314458]
3.1878434999999996,[-0.96045417  0.00330633 -1.02957678],[ 0.72082227  0.28644717 -1.17306006]
3.1968226999999985,[-0.96036255  0.00342861 -1.02959001],[ 0.72081488  0.28642038 -1.17297482]
3.2066525000000006,[-0.96025026  0.00358058 -1.02959824],[ 0.72078031  0.28634164 -1.17284846]
3.2161408000000016,[-0.96017534  0.00369898 -1.02962506],[ 0.72076333  0.28627875 -1.17276633]
3.2248438999999998,[-0.96010578  0.00379426 -1.02964795],[ 0.72072953  0.28622416 -1.17268372]
3.2344785000000016,[-0.96001738  0.00387421 -1.02965856],[ 0.72070163  0.2861653  -1.17260802]
3.246588899999999,[-0.95988816  0.00399222 -1.0296737 ],[ 0.72067618  0.28610823 -1.17249262]
3.2560088,[-0.95978177  0.00410884 -1.02973139],[ 0.72067243  0.28606883 -1.1723839 ]
3.263328699999999,[-0.95974225  0.00414184 -1.02973783],[ 0.7206738   0.28605422 -1.17234969]
3.2728633999999985,[-0.95966089  0.00423121 -1.02978086],[ 0.7206952   0.2860308  -1.17224097]
3.3195273999999984,[-0.95935297  0.00461864 -1.02995574],[ 0.72066724  0.28588238 -1.17187381]
3.327528900000001,[-0.95930445  0.00470921 -1.02999449],[ 0.7206521   0.28588158 -1.17180395]
3.3362823000000006,[-0.95926267  0.00479176 -1.03004491],[ 0.72064167  0.28587967 -1.17173541]
3.3447084999999994,[-0.95920354  0.00488508 -1.03008342],[ 0.72065324  0.28584722 -1.17166483]
3.3533773999999994,[-0.95914751  0.00499726 -1.03013217],[ 0.72067845  0.28586558 -1.17160308]
3.364718100000001,[-0.95907718  0.00519745 -1.030249  ],[ 0.72062498  0.28600875 -1.17159629]
3.3731091999999983,[-0.95903546  0.00531587 -1.03033686],[ 0.72062862  0.28604919 -1.17161393]
3.3843427000000013,[-0.95898104  0.00545139 -1.03042638],[ 0.72065538  0.28606883 -1.171556  ]
3.393870100000001,[-0.95888186  0.00565987 -1.03057003],[ 0.72069889  0.28608891 -1.1714009 ]
3.4010955000000003,[-0.95884609  0.00572819 -1.03062165],[ 0.72072071  0.28610277 -1.17134416]
3.4106851999999996,[-0.95877129  0.00591403 -1.03077793],[ 0.72072357  0.28602284 -1.17126346]
3.418816100000001,[-0.9587214   0.00605449 -1.03089523],[ 0.72069627  0.28597468 -1.17119646]
3.4280776999999993,[-0.95867431  0.00621308 -1.03102005],[ 0.72069699  0.28591013 -1.17113411]
3.4374444000000004,[-0.95861614  0.00640298 -1.03115523],[ 0.72072029  0.28585953 -1.17104828]
3.4469600000000007,[-0.95854378  0.00659195 -1.0313009 ],[ 0.72074997  0.28578752 -1.17094171]
3.4564984999999986,[-0.95845211  0.00690798 -1.03151298],[ 0.7208274   0.28577107 -1.170771  ]
3.464565499999999,[-0.95838422  0.00713245 -1.03166902],[ 0.72087723  0.285815   -1.17069352]
3.4749130999999984,[-0.95835227  0.00732563 -1.03182828],[ 0.72090739  0.28586152 -1.17065167]
3.4823556999999994,[-0.95832568  0.00752966 -1.03201377],[ 0.72093093  0.28586075 -1.17061794]
3.490738199999999,[-0.95833707  0.00769781 -1.032233  ],[ 0.72093445  0.28584698 -1.17057252]
3.4993520999999994,[-0.95829374  0.00792396 -1.03237927],[ 0.72093076  0.28584281 -1.17052567]
3.5080761000000003,[-0.95830661  0.00810792 -1.03261697],[ 0.72093123  0.28584677 -1.17047691]
3.5154080999999984,[-0.95831674  0.00831241 -1.03284764],[ 0.72092545  0.28586882 -1.17045009]
3.5237783,[-0.95832235  0.0085555  -1.03310513],[ 0.72093552  0.28589293 -1.17040908]
3.534196699999999,[-0.95829606  0.0087992  -1.033373  ],[ 0.72094691  0.28593853 -1.17036891]
3.5436210999999993,[-0.95827901  0.00914599 -1.03380811],[ 0.72097039  0.28599858 -1.17029095]
3.5508167999999998,[-0.95827734  0.00926787 -1.03395367],[ 0.72098511  0.28601766 -1.17026055]
3.5588510999999983,[-0.95830637  0.00951198 -1.03423965],[ 0.72100145  0.28605166 -1.17022204]
3.5675056000000005,[-0.95834702  0.00973508 -1.03455234],[ 0.7210238   0.28610185 -1.17018211]
3.5758837999999997,[-0.95836991  0.00999788 -1.03489137],[ 0.72104305  0.28614721 -1.17012799]
3.5855372999999986,[-0.95835233  0.01044404 -1.03548074],[ 0.72106403  0.28619018 -1.17003691]
3.595485100000001,[-0.95832026  0.01076795 -1.03585863],[ 0.72106469  0.28620782 -1.16998148]
3.6040999000000014,[-0.95839268  0.01109892 -1.03626037],[ 0.72105438  0.28622413 -1.16993415]
3.6148379000000013,[-0.95841312  0.01156137 -1.03684855],[ 0.72105211  0.28624797 -1.16985178]
3.623215599999998,[-0.95845985  0.01185513 -1.03727555],[ 0.72104907  0.28626376 -1.16978502]
3.6314099000000013,[-0.95849335  0.01216373 -1.03770232],[ 0.72104663  0.28627044 -1.16971171]
3.6402961000000005,[-0.95851707  0.01250456 -1.03815043],[ 0.72105289  0.28627405 -1.16964161]
3.6480049,[-0.95852906  0.0128412  -1.03860617],[ 0.72103822  0.28627455 -1.16956627]
3.655448100000001,[-0.95852304  0.013014   -1.03881514],[ 0.72104657  0.28626361 -1.16952908]
3.664705399999999,[-0.95857537  0.01347886 -1.03967404],[ 0.72103214  0.28625894 -1.16943467]
3.673089300000001,[-0.95856822  0.01386126 -1.04011297],[ 0.72101712  0.28624532 -1.16938233]
3.682307099999999,[-0.95850575  0.01433934 -1.0404011 ],[ 0.72099781  0.28622016 -1.16933537]
3.690380600000001,[-0.95849556  0.0147062  -1.04087043],[ 0.72097486  0.28618732 -1.16928399]
3.6990638999999987,[-0.95850039  0.01505866 -1.04136157],[ 0.72096908  0.28614503 -1.1692462 ]
3.7064915999999997,[-0.95850724  0.01542305 -1.0418247 ],[ 0.72096515  0.28613412 -1.16920364]
3.7150727000000003,[-0.95848364  0.01582874 -1.04225612],[ 0.72098279  0.28612095 -1.16915882]
3.722753300000001,[-0.95846188  0.01621576 -1.04268146],[ 0.72099203  0.28609848 -1.16917026]
3.7315091000000002,[-0.95845503  0.01662278 -1.04309523],[ 0.72101885  0.28608271 -1.1691339 ]
3.739726300000001,[-0.95844847  0.01705011 -1.04350209],[ 0.72104883  0.2860733  -1.16910148]
3.7486861000000005,[-0.95846182  0.01745836 -1.04394209],[ 0.72108489  0.28606063 -1.16908813]
3.7572584000000013,[-0.9584778   0.01785269 -1.04437482],[ 0.72111017  0.28604099 -1.16906822]
3.7647730999999993,[-0.95845968  0.01826929 -1.04482102],[ 0.72113961  0.28601244 -1.16905594]
3.774006,[-0.95848942  0.01863248 -1.04537058],[ 0.72116578  0.28599143 -1.1690582 ]
3.7819195000000008,[-0.95803583  0.01951626 -1.0452975 ],[ 0.7211991   0.2859754  -1.16906285]
3.7898171000000005,[-0.95819855  0.01979245 -1.0457983 ],[ 0.72123736  0.28598183 -1.16904736]
3.7979895,[-0.95825189  0.02012255 -1.04622614],[ 0.72128797  0.28599903 -1.16903162]
3.8062368999999983,[-0.9582963   0.02050105 -1.04660404],[ 0.72133553  0.28601578 -1.16902673]
3.8170463000000012,[-0.95833451  0.02089808 -1.04702127],[ 0.72136384  0.28603837 -1.16903532]
3.824160599999999,[-0.95837235  0.02126201 -1.04741466],[ 0.72138035  0.28604159 -1.16905236]
3.8343114000000007,[-0.95846236  0.02162601 -1.04780734],[ 0.721398    0.28604782 -1.16906452]
3.8439702999999987,[-0.95840758  0.02220617 -1.04831493],[ 0.72141194  0.28608152 -1.16905916]
3.8523153000000008,[-0.95848387  0.02251696 -1.04868603],[ 0.72142583  0.28610426 -1.16904712]
3.8637014,[-0.9585309   0.02284129 -1.04905093],[ 0.72141922  0.28612649 -1.16904032]
3.8731621999999994,[-0.95864558  0.02332217 -1.04957044],[ 0.72139722  0.28613207 -1.16903019]
3.8825816999999994,[-0.95868343  0.02360649 -1.04991984],[ 0.72137249  0.286134   -1.16902316]
3.8928103000000007,[-0.95871925  0.02391477 -1.05029047],[ 0.72133821  0.28613961 -1.16901422]
3.901264300000001,[-0.95877069  0.02423528 -1.05062103],[ 0.7212922   0.28615299 -1.16899049]
3.9091340999999993,[-0.95881313  0.02455906 -1.05092895],[ 0.72125769  0.28616786 -1.16895294]
3.9176547,[-0.95889521  0.02483689 -1.05126345],[ 0.72121632  0.28617424 -1.16890359]
3.9258090999999986,[-0.95896447  0.02509884 -1.05160654],[ 0.72117341  0.28616983 -1.1688695 ]
3.9361390999999983,[-0.9590987   0.02546244 -1.05211997],[ 0.72106105  0.28613967 -1.16884243]
3.943874300000001,[-0.9591527   0.02577352 -1.0524298 ],[ 0.7209875   0.28611916 -1.16883302]
3.9519017000000005,[-0.95922756  0.02608814 -1.05273879],[ 0.72088867  0.28612396 -1.16881752]
3.9592621,[-0.95927143  0.02624377 -1.05288684],[ 0.72085309  0.28611451 -1.16880834]
3.9705374000000013,[-0.95941764  0.02660017 -1.05332565],[ 0.72071379  0.28610325 -1.16876757]
3.981395299999999,[-0.95959014  0.02696766 -1.05380261],[ 0.72057956  0.28610054 -1.16874659]
3.9887592000000005,[-0.95963705  0.02710776 -1.0539763 ],[ 0.72052634  0.28610471 -1.16874063]
3.9965490999999993,[-0.95972937  0.02740407 -1.05428135],[ 0.72042853  0.28610426 -1.16873968]
4.0050335,[-0.95984077  0.02767137 -1.05458462],[ 0.72034138  0.28610775 -1.16871786]
4.0136079,[-0.95992029  0.0279504  -1.05489266],[ 0.72025955  0.28612012 -1.16869867]
4.023097499999999,[-0.96006709  0.02840084 -1.05530941],[ 0.7201485   0.28617266 -1.16866732]
4.030276000000001,[-0.96011233  0.02858219 -1.05543888],[ 0.72010714  0.28619176 -1.16865385]
4.038923100000002,[-0.9597407   0.02948417 -1.05504727],[ 0.72003269  0.28622162 -1.16863954]
4.0487264,[-0.95849365  0.0313006  -1.05443037],[ 0.71991283  0.28628153 -1.1686182 ]
4.057163800000001,[-0.96067321  0.02924298 -1.05634427],[ 0.71984315  0.28631172 -1.16860831]
4.067688,[-0.96080238  0.02953719 -1.05661118],[ 0.71976733  0.2863546  -1.16858733]
4.0758595,[-0.96080327  0.02986778 -1.05689979],[ 0.71969157  0.28638664 -1.16855919]
4.0863499999999995,[-0.96073276  0.03041508 -1.0572859 ],[ 0.71954262  0.28646517 -1.16852808]
4.0958974999999995,[-0.9610911   0.03057637 -1.05752587],[ 0.71944833  0.28652292 -1.1685127 ]
4.1053719000000015,[-0.96129072  0.03094256 -1.05774641],[ 0.71934932  0.28658721 -1.1684798 ]
4.115086099999999,[-0.96145642  0.03135139 -1.05819333],[ 0.71921325  0.28668499 -1.16841292]
4.1236876,[-0.96160394  0.03157536 -1.05848646],[ 0.71912098  0.28674969 -1.16837907]
4.1320759,[-0.96156204  0.03177619 -1.05880594],[ 0.71902567  0.28679869 -1.16834462]
4.1397441000000015,[-0.96163666  0.03205326 -1.05904293],[ 0.71892458  0.28683406 -1.16829455]
4.149872500000001,[-0.96173674  0.03236684 -1.05929112],[ 0.71880394  0.28686461 -1.16824007]
4.158790400000001,[-0.9617933   0.03269213 -1.05951869],[ 0.71868247  0.28689864 -1.16819394]
4.1663611,[-0.96188498  0.03296534 -1.05977619],[ 0.71854973  0.28693098 -1.1681397 ]
4.1743071,[-0.96195644  0.0332633  -1.06002843],[ 0.71841598  0.28694108 -1.16807115]
4.1820257000000005,[-0.96205723  0.03348646 -1.06029713],[ 0.71828198  0.28694245 -1.16800117]
4.190751800000001,[-0.9621672   0.0336864  -1.06058097],[ 0.71814013  0.28694683 -1.16793406]
4.1986858,[-0.96224451  0.03399595 -1.06078863],[ 0.71801353  0.2869319  -1.16787028]
4.209497599999999,[-0.96179414  0.03437766 -1.06128275],[ 0.71786112  0.28693032 -1.16781235]
4.219670600000001,[-0.9622348   0.03429145 -1.06161284],[ 0.71761191  0.28689378 -1.16774249]
4.2279245,[-0.96244508  0.03451238 -1.06167018],[ 0.7174294   0.28687081 -1.16769552]
4.2354842999999995,[-0.96252835  0.03474909 -1.06185555],[ 0.71724105  0.2868332  -1.16765666]
4.244621500000001,[-0.962551    0.03491858 -1.06208074],[ 0.71704769  0.28677145 -1.1676172 ]
4.254052600000001,[-0.96262878  0.03509224 -1.06231225],[ 0.71685076  0.28670144 -1.16757476]
4.262704199999998,[-0.96272719  0.03522145 -1.06252086],[ 0.71663582  0.28662023 -1.1675396 ]
4.2716989000000005,[-0.96279645  0.03534979 -1.06273198],[ 0.71641117  0.28652194 -1.16749704]
4.279535599999999,[-0.96288222  0.03544943 -1.06293428],[ 0.7161597   0.28641072 -1.1674757 ]
4.2884055,[-0.96293133  0.03556832 -1.06314278],[ 0.71589047  0.28627971 -1.16746271]
4.2969276,[-0.96294677  0.03570479 -1.06333864],[ 0.71561021  0.28612792 -1.16745293]
4.3052959999999985,[-0.96303314  0.03579546 -1.06352592],[ 0.71528423  0.28592864 -1.16743577]
4.313664500000002,[-0.96303451  0.03592933 -1.06370008],[ 0.71494174  0.28567398 -1.16744113]
4.324224300000001,[-0.9630549   0.03607096 -1.06394756],[ 0.71441251  0.28519693 -1.16745996]
4.3329998,[-0.96305954  0.03612914 -1.06413496],[ 0.7140224   0.28482032 -1.167485  ]
4.3405014999999985,[-0.96309227  0.03618967 -1.06432247],[ 0.71360147  0.28441083 -1.16751301]
4.3484947,[-0.96311635  0.03625261 -1.06447637],[ 0.71311277  0.28394634 -1.16756296]
4.358098699999999,[-0.96309376  0.03632993 -1.06465852],[ 0.71262121  0.28340912 -1.16761851]
4.368734100000001,[-0.9630627   0.03642208 -1.06491435],[ 0.71180886  0.28242692 -1.16775608]
4.378398999999998,[-0.96304506  0.03646849 -1.06509781],[ 0.7111991   0.28166714 -1.16782665]
4.3884557000000015,[-0.96302229  0.03652642 -1.06528449],[ 0.71055943  0.2808415  -1.16792059]
4.3979991,[-0.96292698  0.03667407 -1.06557071],[ 0.7095449   0.27939406 -1.16810477]
4.4065943999999995,[-0.96293443  0.03673768 -1.06572628],[ 0.70881748  0.27833629 -1.16822612]
4.4146554999999985,[-0.96285486  0.03685339 -1.065889  ],[ 0.70803672  0.27724063 -1.16841066]
4.421818099999999,[-0.96284026  0.03689356 -1.06595814],[ 0.7076441   0.27666125 -1.16848791]
4.4299602,[-0.9627955   0.03696865 -1.06611717],[ 0.7068156   0.27541679 -1.1686492 ]
4.4379071,[-0.96273053  0.03704531 -1.06623304],[ 0.70599306  0.27413195 -1.16883171]
4.4446802000000005,[-0.96265143  0.03713705 -1.0663873 ],[ 0.70513773  0.27281448 -1.16902781]
4.452463300000002,[-0.96260059  0.03722179 -1.06651187],[ 0.7042129   0.27137548 -1.16930997]
4.4612346999999986,[-0.96253133  0.03733306 -1.06666112],[ 0.70335478  0.26993451 -1.16959071]
4.468807399999999,[-0.96244431  0.03744405 -1.06677282],[ 0.70242178  0.26839879 -1.16997182]
4.477877899999999,[-0.96240813  0.03754487 -1.06689262],[ 0.7015034   0.26684925 -1.17039025]
4.4862864999999985,[-0.96235019  0.03766537 -1.06702435],[ 0.70050848  0.26526526 -1.17082763]
4.493904499999999,[-0.962309    0.03774602 -1.06714082],[ 0.69951898  0.26363504 -1.1713239 ]
4.502125299999999,[-0.96224499  0.03781892 -1.06728005],[ 0.69858843  0.26190364 -1.17181194]
4.5101973000000015,[-0.96221769  0.03786657 -1.0673945 ],[ 0.69762284  0.26018175 -1.1723094 ]
4.518972999999999,[-0.96219879  0.037916   -1.0675354 ],[ 0.6965872   0.25840253 -1.17285788]
4.5272173,[-0.96214753  0.0379798  -1.06768668],[ 0.69558024  0.25656858 -1.17346215]
4.535597599999999,[-0.96213245  0.03805904 -1.06782675],[ 0.6945141   0.25471896 -1.1740911 ]
4.544008399999999,[-0.96209872  0.0381344  -1.06795788],[ 0.69344169  0.25286007 -1.17477703]
4.552919500000002,[-0.9620685   0.03821597 -1.06811154],[ 0.69241935  0.25094843 -1.17550039]
4.561642500000001,[-0.96195257  0.03834978 -1.06825769],[ 0.6913926   0.24905258 -1.17624116]
4.5715191,[-0.96188426  0.03841891 -1.06839323],[ 0.69041163  0.24711598 -1.17701948]
4.5797746,[-0.96185267  0.03849057 -1.06849492],[ 0.68948537  0.24519898 -1.17782164]
4.5879097999999985,[-0.96190584  0.038661   -1.068524  ],[ 0.68850893  0.2432355  -1.17868304]
4.597974099999998,[-0.96189767  0.03876784 -1.06875229],[ 0.68696195  0.2403864  -1.18001771]
4.6064559,[-0.96189958  0.03884385 -1.06890738],[ 0.68588078  0.23842731 -1.18096805]
4.615202499999999,[-0.96188945  0.03894983 -1.06909835],[ 0.68481487  0.23649728 -1.18192101]
4.627029400000001,[-0.96191132  0.03904301 -1.06933784],[ 0.68314117  0.23354295 -1.18341553]
4.636365099999999,[-0.96156031  0.03938888 -1.06923687],[ 0.68204093  0.23143309 -1.18437362]
4.646337800000001,[-0.96147376  0.03941319 -1.06936467],[ 0.68093628  0.22936712 -1.18543375]
4.656621000000001,[-0.9614405   0.03959915 -1.06951475],[ 0.67915052  0.22622952 -1.18706322]
4.6814523,[-0.96125048  0.0400227  -1.06983018],[ 0.67575687  0.21987228 -1.1903336 ]
4.690238699999998,[-0.96123266  0.04011706 -1.06993651],[ 0.67474675  0.21778737 -1.19142377]
4.702171,[-0.9611513   0.04029727 -1.07011855],[ 0.67334038  0.21466686 -1.19315803]
4.712130599999998,[-0.9611153   0.04038722 -1.07022631],[ 0.67237157  0.21264812 -1.19435275]
4.719762200000002,[-0.96105415  0.04047041 -1.07035267],[ 0.67149138  0.21067077 -1.19558787]
4.7273602,[-0.9610396   0.04055167 -1.07046235],[ 0.67061484  0.20867865 -1.19684768]
4.736217100000001,[-0.96101177  0.04064107 -1.07055616],[ 0.66968048  0.20669925 -1.19814742]
4.744086599999999,[-0.96099895  0.0407322  -1.07067311],[ 0.66882795  0.20474494 -1.19941235]
4.752184700000001,[-0.96097553  0.04082736 -1.07078516],[ 0.66804415  0.20272176 -1.20076776]
4.761194,[-0.96103531  0.04087956 -1.07092953],[ 0.66726094  0.20079121 -1.20205605]
4.7700128,[-0.96101785  0.04093843 -1.07105863],[ 0.66648632  0.19884221 -1.20340014]
4.7794826000000015,[-0.9610405   0.04097042 -1.07117546],[ 0.66572189  0.19698396 -1.20470941]
4.787407900000002,[-0.96104121  0.04103359 -1.07128739],[ 0.66503286  0.1951239  -1.20601249]
4.797744000000002,[-0.9610371   0.04116837 -1.07149017],[ 0.66399914  0.19239306 -1.20802438]
4.807268199999999,[-0.96101373  0.0412821  -1.07162237],[ 0.66334182  0.19061072 -1.20935869]
4.815782500000001,[-0.96103477  0.04135044 -1.07172167],[ 0.66268235  0.18887505 -1.21071804]
4.8235212999999995,[-0.96103227  0.04142894 -1.07182586],[ 0.66204017  0.18712798 -1.21206808]
4.8313500000000005,[-0.96103209  0.04149361 -1.07192326],[ 0.66142869  0.18536595 -1.21343279]
4.8386697000000005,[-0.96101779  0.04154398 -1.07199335],[ 0.66113323  0.18449226 -1.21409535]
4.8467305,[-0.96108264  0.04159155 -1.0721004 ],[ 0.66052616  0.18276764 -1.21541929]
4.855389299999999,[-0.96111786  0.04166074 -1.0722295 ],[ 0.65995896  0.18101062 -1.21676707]
4.864723300000001,[-0.96112669  0.04183065 -1.07237875],[ 0.65918654  0.17852484 -1.21873689]
4.872710300000001,[-0.96116132  0.04193191 -1.07248378],[ 0.65870816  0.17696728 -1.22003889]
4.883072500000001,[-0.96123028  0.04201471 -1.07257092],[ 0.65828001  0.17543657 -1.2213062 ]
4.8908056,[-0.96127951  0.04211604 -1.07264292],[ 0.6578688   0.1740191  -1.22255862]
4.8983449000000014,[-0.96130335  0.0422476  -1.07274091],[ 0.65751284  0.17267877 -1.22379172]
4.907405000000001,[-0.9613505   0.04235062 -1.07283092],[ 0.65712386  0.17137592 -1.22502244]
4.9150193999999985,[-0.96139407  0.04244807 -1.07291436],[ 0.65681702  0.17009661 -1.22627747]
4.9231210999999995,[-0.96142697  0.04254293 -1.07298601],[ 0.65654093  0.16888949 -1.22748423]
4.9314672,[-0.96145964  0.04263956 -1.07306862],[ 0.65627408  0.1677458  -1.2286526 ]
4.939721299999999,[-0.96151888  0.0427277  -1.07316554],[ 0.65598631  0.1666434  -1.22979105]
4.9487378,[-0.9616006   0.0427765  -1.07324493],[ 0.65581608  0.16564438 -1.23084199]
4.9567455,[-0.96162039  0.0428556  -1.07332861],[ 0.65563697  0.16472201 -1.23189974]
4.9669767,[-0.96167904  0.04290409 -1.07341087],[ 0.6554879   0.16390069 -1.23289323]
4.9747455999999985,[-0.96173573  0.04294872 -1.07351685],[ 0.65533572  0.16314176 -1.23384058]
4.983256099999998,[-0.96177566  0.04298249 -1.073627  ],[ 0.65518242  0.16246317 -1.23474991]
4.9914466,[-0.96182078  0.04303098 -1.07373595],[ 0.65511     0.16179974 -1.23565054]
4.999068900000001,[-0.96196455  0.04312637 -1.07374036],[ 0.65496659  0.16118816 -1.23652112]
5.006611299999999,[-0.96207285  0.04311401 -1.07386172],[ 0.65485817  0.16065826 -1.23732543]
5.016917899999999,[-0.96213162  0.04311582 -1.07399249],[ 0.65482277  0.16012172 -1.23809612]
5.0262619000000015,[-0.96221083  0.04308971 -1.07413185],[ 0.65475643  0.15967296 -1.23878086]
5.0342816,[-0.96208251  0.04317921 -1.07414985],[ 0.65465611  0.15924568 -1.23942983]
5.043744700000001,[-0.96206683  0.04316582 -1.07431316],[ 0.65448737  0.1586944  -1.24031579]
5.051193999999999,[-0.96212256  0.04315279 -1.07436466],[ 0.65443957  0.1585374  -1.2405771 ]
5.061245100000001,[-0.96214986  0.0431634  -1.07450485],[ 0.65430045  0.15812333 -1.24128747]
5.069467499999998,[-0.96217757  0.04316016 -1.0746218 ],[ 0.65421343  0.15795018 -1.24167717]
5.0778611,[-0.96224046  0.0431507  -1.0747211 ],[ 0.65412015  0.15780242 -1.2421267 ]
5.0859559999999995,[-0.96227598  0.04316404 -1.07484198],[ 0.6540401   0.15779811 -1.24241757]
5.093861,[-0.96224892  0.04319688 -1.07494569],[ 0.65396661  0.1578757  -1.24266875]
5.1046318,[-0.96227169  0.04318418 -1.07506883],[ 0.65390295  0.15802658 -1.24286425]
5.113262500000001,[-0.96225667  0.04317694 -1.07520068],[ 0.65387738  0.15821879 -1.2430017 ]
5.122807300000002,[-0.96220392  0.04318054 -1.07538176],[ 0.65379149  0.15871869 -1.24313128]
5.130400999999999,[-0.96215725  0.04321154 -1.07545698],[ 0.65376151  0.15892091 -1.24315095]
5.140825199999998,[-0.96208584  0.04326857 -1.07568479],[ 0.65363556  0.15961421 -1.24318182]
5.1491778,[-0.96204519  0.0433124  -1.07581401],[ 0.65352106  0.16017579 -1.24317575]
5.157344299999998,[-0.96201307  0.04334807 -1.07596731],[ 0.65338659  0.16080602 -1.24310946]
5.1654526999999995,[-0.96205086  0.04334402 -1.07612514],[ 0.65326858  0.16141707 -1.24301171]
5.173241600000001,[-0.96203506  0.04336903 -1.07632458],[ 0.653139    0.1620304  -1.24288082]
