0.0006453999999997961,[-1.00210357  0.25357011 -1.12208283],[ 0.78802717  0.06302631 -1.2918061 ]
0.01058829999999844,[-1.00245082  0.25156158 -1.12244737],[ 0.78808093  0.06258464 -1.29210031]
0.019305499999997977,[-1.00282466  0.25049588 -1.12252331],[ 0.78812194  0.06230332 -1.29233956]
0.027968899999997632,[-1.003003    0.24924937 -1.12287283],[ 0.78816372  0.06202954 -1.29256999]
0.035749299999999096,[-1.00334644  0.24830632 -1.12300932],[ 0.78823334  0.06172293 -1.29281712]
0.04389069999999862,[-1.00355887  0.24733873 -1.12325823],[ 0.78834879  0.06143256 -1.29315495]
0.05243109999999973,[-1.00373054  0.24628593 -1.12368226],[ 0.78843391  0.06123879 -1.29306662]
0.06126859999999823,[-1.00401306  0.24561997 -1.12386227],[ 0.7885139   0.06090644 -1.29332435]
0.07160939999999982,[-1.00413477  0.24493048 -1.12410688],[ 0.78860527  0.0605384  -1.29390442]
0.07969789999999932,[-1.0041759   0.24417241 -1.12447178],[ 0.78868175  0.06028146 -1.29391921]
0.08972550000000012,[-1.00453818  0.24350789 -1.12467408],[ 0.78888452  0.06006479 -1.29408956]
0.09836879999999937,[-1.0046221   0.24307169 -1.1251086 ],[ 0.78895551  0.05977898 -1.29432082]
0.10678270000000012,[-1.0046376   0.24255548 -1.12550259],[ 0.78911334  0.05951488 -1.29478276]
0.11608479999999943,[-1.00479257  0.24218701 -1.12581253],[ 0.78921503  0.05920596 -1.29496861]
0.12376409999999893,[-1.00497198  0.24202518 -1.12598264],[ 0.78929442  0.05890935 -1.29517269]
0.13144649999999913,[-1.00518429  0.2421504  -1.12561941],[ 0.78943354  0.05856287 -1.29523826]
0.1399423999999989,[-1.00505674  0.2415975  -1.12645817],[ 0.78949827  0.05831367 -1.295403  ]
0.14804449999999747,[-1.00508225  0.24144666 -1.12664282],[ 0.78955323  0.0580856  -1.2955519 ]
0.1551772999999983,[-1.00510502  0.24138783 -1.12672687],[ 0.78957534  0.05796936 -1.29564321]
0.16337349999999873,[-1.00510359  0.24125873 -1.12686634],[ 0.78963029  0.0577544  -1.29579842]
0.17181229999999914,[-1.00517476  0.24105792 -1.12693334],[ 0.7896837   0.0575418  -1.29592335]
0.1794236999999974,[-1.005193    0.24085303 -1.12721992],[ 0.78960544  0.05712229 -1.29622638]
0.18809459999999945,[-1.00524318  0.24066243 -1.12735331],[ 0.78977507  0.0571613  -1.29611599]
0.19657979999999853,[-1.00528467  0.24045646 -1.12747204],[ 0.78979498  0.05700881 -1.29624486]
0.2071702999999978,[-1.00532031  0.23996815 -1.12780499],[ 0.78981775  0.05683493 -1.29633713]
0.21608189999999894,[-1.00537741  0.2397905  -1.12790692],[ 0.789805    0.05675258 -1.29637051]
0.22387729999999806,[-1.00541639  0.23961516 -1.12800944],[ 0.78981274  0.05668524 -1.29640472]
0.23155009999999976,[-1.00543046  0.23943697 -1.12809157],[ 0.78981477  0.05663644 -1.2964412 ]
0.24125669999999744,[-1.00550306  0.2392001  -1.12815988],[ 0.78985083  0.0565751  -1.29647291]
0.2501300999999998,[-1.00550091  0.23900075 -1.12824655],[ 0.78986734  0.05653479 -1.29648447]
0.2580580999999995,[-1.00543594  0.23884384 -1.12836134],[ 0.78989279  0.05652286 -1.29649162]
0.2668861999999983,[-1.00551963  0.23874983 -1.12835586],[ 0.78989494  0.05652903 -1.29649198]
0.27475149999999715,[-1.00550413  0.23852524 -1.12849188],[ 0.78988284  0.05658098 -1.29647255]
0.28205239999999776,[-1.00547659  0.23828062 -1.12859523],[ 0.78986698  0.05663514 -1.29645383]
0.29094659999999806,[-1.0054332   0.2380619  -1.12871075],[ 0.78984618  0.05669301 -1.29641151]
0.29876739999999913,[-1.00536287  0.23782875 -1.12881863],[ 0.78984892  0.05676001 -1.29634202]
0.3064462999999975,[-1.00528276  0.23760025 -1.12891364],[ 0.78984648  0.05678715 -1.29629886]
0.31469149999999857,[-1.00520301  0.23735012 -1.12902093],[ 0.78984976  0.05682912 -1.29623604]
0.32276530000000037,[-1.00511432  0.23715751 -1.12912238],[ 0.78984189  0.0568714  -1.29615211]
0.3314559999999993,[-1.00502646  0.23698969 -1.12920427],[ 0.78981292  0.05697061 -1.29608572]
0.3397401000000002,[-1.00493526  0.23683961 -1.12929535],[ 0.78963107  0.05681388 -1.296175  ]
0.3478576999999987,[-1.00484347  0.23672889 -1.12940919],[ 0.78973055  0.05714991 -1.29591632]
0.35606830000000045,[-1.00472939  0.23666976 -1.12952936],[ 0.78968525  0.05728199 -1.29584134]
0.36362129999999837,[-1.00466967  0.23664266 -1.12958872],[ 0.78966856  0.05731048 -1.29578924]
0.3717050999999998,[-1.00454569  0.23659129 -1.12972438],[ 0.78966314  0.05737403 -1.2956785 ]
0.3800422999999995,[-1.00441515  0.23658085 -1.12979984],[ 0.78962666  0.05743392 -1.29560471]
0.3901340999999974,[-1.00420022  0.2366237  -1.12993288],[ 0.78958458  0.05755171 -1.29544127]
0.3980737999999988,[-1.00405765  0.23667881 -1.13005543],[ 0.78952062  0.05766553 -1.29537785]
0.4074670999999981,[-1.00386333  0.23677635 -1.13015175],[ 0.78944725  0.05778472 -1.29530513]
0.4155744999999982,[-1.00379086  0.23675825 -1.1301924 ],[ 0.78935719  0.05785726 -1.29520023]
0.42611169999999987,[-1.00356472  0.23664436 -1.13044786],[ 0.78916156  0.05772229 -1.29533672]
0.43408720000000045,[-1.00343597  0.23672095 -1.13045764],[ 0.78902936  0.05780375 -1.29502082]
0.44364599999999754,[-1.00333142  0.23675227 -1.13075209],[ 0.78898209  0.05780316 -1.29516912]
0.4509256999999991,[-1.00319374  0.23684116 -1.13082671],[ 0.78895104  0.05782803 -1.29516363]
0.46040009999999754,[-1.00291896  0.23710388 -1.13105798],[ 0.78885734  0.05791152 -1.29509997]
0.4691465999999984,[-1.00278902  0.2372721  -1.13119531],[ 0.78878731  0.0579684  -1.29508674]
0.47813219999999745,[-1.00272036  0.23761562 -1.13121986],[ 0.78867221  0.05810213 -1.29523361]
0.4882862999999986,[-1.00255835  0.23780009 -1.13136399],[ 0.78860921  0.05814612 -1.29524028]
0.499664199999998,[-1.00233483  0.23807028 -1.13154864],[ 0.78853077  0.05812212 -1.29520786]
0.5085000999999991,[-1.00223672  0.23821725 -1.13163364],[ 0.78848565  0.05805573 -1.29516613]
0.5164206,[-1.00189257  0.23831923 -1.13190794],[ 0.78843778  0.05802296 -1.29516816]
0.5261773999999981,[-1.00170195  0.23849672 -1.13203108],[ 0.78840023  0.05796479 -1.29517436]
0.5340717999999995,[-1.00151694  0.23867102 -1.1321404 ],[ 0.7883535   0.05793916 -1.29520226]
0.5421649999999971,[-1.00139964  0.23897438 -1.1321305 ],[ 0.78831041  0.05787614 -1.29518902]
0.5525531999999984,[-1.00110722  0.23920032 -1.13222289],[ 0.78826445  0.05772845 -1.29517198]
0.5611991999999972,[-1.00096047  0.23925464 -1.13224959],[ 0.78824627  0.05756934 -1.29513288]
0.5687402000000006,[-1.00058842  0.23927636 -1.13240445],[ 0.78821993  0.05740532 -1.29507709]
0.5773688999999997,[-1.00038719  0.2393932  -1.13228071],[ 0.7883417   0.05748636 -1.29479337]
0.5858261999999996,[-1.0001837   0.23950173 -1.1322335 ],[ 0.78832209  0.05733214 -1.29467893]
0.5938711999999988,[-0.9999662   0.23958929 -1.13219333],[ 0.78830904  0.05719773 -1.2945894 ]
0.6037496999999981,[-1.00002921  0.24004142 -1.1314913 ],[ 0.78827286  0.05706399 -1.29445136]
0.6113093999999997,[-0.99975914  0.24023026 -1.1314137 ],[ 0.788239    0.05694515 -1.29428935]
0.6191459999999971,[-0.99956977  0.24034894 -1.13128817],[ 0.78807467  0.05659248 -1.29435551]
0.6281629999999971,[-0.99933916  0.24053815 -1.13111973],[ 0.78804028  0.05641776 -1.2941252 ]
0.6357611999999975,[-0.99909341  0.24046306 -1.13109529],[ 0.78804761  0.05654357 -1.29341292]
0.6439243999999995,[-0.99883634  0.24042603 -1.13117921],[ 0.7879954   0.05640922 -1.29304779]
0.6523389000000002,[-0.99867254  0.24064508 -1.13084066],[ 0.78808713  0.05628169 -1.29271817]
0.6607486999999992,[-0.99862003  0.24114043 -1.13022196],[ 0.78804177  0.05623692 -1.2923032 ]
0.6689814999999975,[-0.99862742  0.24153638 -1.12947381],[ 0.78799897  0.05619444 -1.29186749]
0.6785247999999982,[-0.99818325  0.24158141 -1.12970245],[ 0.78783023  0.05596095 -1.29163432]
0.6881865999999981,[-0.9979431   0.24176829 -1.12932944],[ 0.78795445  0.05619122 -1.29087138]
0.6969672999999972,[-0.99787563  0.24202663 -1.12883782],[ 0.78796089  0.05611795 -1.29026687]
0.7053866999999983,[-0.99762446  0.24250318 -1.12814593],[ 0.78795588  0.05609953 -1.28966463]
0.7134129999999992,[-0.99756795  0.2434395  -1.12695873],[ 0.78794944  0.05614525 -1.28898799]
0.7213064999999972,[-0.99730361  0.24394378 -1.12624478],[ 0.78777522  0.05610094 -1.28816581]
0.7310479999999977,[-0.99669605  0.24438089 -1.12561631],[ 0.78780812  0.05611441 -1.28737164]
0.7393538999999976,[-0.99668133  0.24548717 -1.12424362],[ 0.78785866  0.05633846 -1.28631711]
0.7491930999999994,[-0.99635756  0.24592401 -1.12346125],[ 0.78793311  0.05634999 -1.28578031]
0.7572434000000001,[-0.9957673   0.24637991 -1.12291873],[ 0.78800106  0.05640388 -1.28492701]
0.7647820999999979,[-0.99551827  0.24724823 -1.12188745],[ 0.78810579  0.05653059 -1.2840333 ]
0.7730901999999986,[-0.99513912  0.24785635 -1.12090921],[ 0.78834939  0.05688394 -1.28294694]
0.7813599999999994,[-0.99491924  0.24873827 -1.1196084 ],[ 0.78845304  0.05706076 -1.28193629]
0.7894191999999975,[-0.99457246  0.24940823 -1.11836457],[ 0.78853071  0.05726882 -1.28092384]
0.7993469999999974,[-0.99433166  0.25063026 -1.11684   ],[ 0.78845042  0.05737055 -1.27983904]
0.8075119999999991,[-0.99407649  0.25121176 -1.11506641],[ 0.78861731  0.05767249 -1.27879786]
0.8155932999999997,[-0.99355394  0.25182182 -1.11410379],[ 0.78900325  0.05802729 -1.27783477]
0.8237279999999991,[-0.99279183  0.25276926 -1.11196923],[ 0.7890839   0.05821389 -1.27676785]
0.8315650999999988,[-0.99288195  0.25358307 -1.11017311],[ 0.78944403  0.05877396 -1.27534509]
0.8405383999999998,[-0.99241638  0.25386989 -1.10915887],[ 0.78961223  0.05901367 -1.2741828 ]
0.8479424999999985,[-0.99190176  0.25458273 -1.10746646],[ 0.78988755  0.05922398 -1.27316988]
0.8555101999999977,[-0.99175441  0.25607502 -1.10573018],[ 0.79010814  0.0596419  -1.2722615 ]
0.8636048999999986,[-0.99130094  0.2567288  -1.1037991 ],[ 0.79020619  0.05994266 -1.27101278]
0.8716889999999999,[-0.99079883  0.25612125 -1.10262287],[ 0.79064816  0.06037797 -1.26978993]
0.8814211999999984,[-0.99007779  0.25812066 -1.09883928],[ 0.79086101  0.06084524 -1.26765776]
0.8897236,[-0.98956162  0.25870943 -1.09670174],[ 0.79118222  0.06144224 -1.26624262]
0.8971055999999997,[-0.98930711  0.25896025 -1.09565723],[ 0.79126948  0.06140834 -1.26578677]
0.9051937999999993,[-0.98875195  0.25947496 -1.09356976],[ 0.79170698  0.0621242  -1.26409042]
0.9161280999999981,[-0.98799348  0.26018587 -1.09029329],[ 0.79197687  0.06240885 -1.26227677]
0.9235764999999994,[-0.98744744  0.26068154 -1.08805001],[ 0.79261029  0.06319104 -1.26070905]
0.9321894999999998,[-0.98695433  0.2610589  -1.08583868],[ 0.79296184  0.06353596 -1.25931489]
0.9405675000000002,[-0.98647088  0.26139167 -1.08358645],[ 0.79315114  0.06370783 -1.25804305]
0.9487088999999997,[-0.98596674  0.26160899 -1.08137572],[ 0.79351842  0.06395528 -1.25661409]
0.9563991999999999,[-0.98550832  0.26185989 -1.07907259],[ 0.79395747  0.0643402  -1.2553699 ]
0.9638090999999989,[-0.98532712  0.26195747 -1.0779705 ],[ 0.79409933  0.06448659 -1.25468588]
0.9717372999999974,[-0.9849081   0.26221418 -1.07572341],[ 0.79440445  0.06473756 -1.25333786]
0.9814468000000005,[-0.98420447  0.26259834 -1.07231486],[ 0.79516959  0.06563249 -1.25092828]
0.9897901999999981,[-0.98377281  0.26279584 -1.07001042],[ 0.79601026  0.0667156  -1.24884284]
1.0003948999999999,[-0.98334897  0.26301599 -1.06778741],[ 0.79613662  0.0668216  -1.24762976]
1.0106593000000004,[-0.98274261  0.26332399 -1.06446922],[ 0.79677671  0.06744791 -1.24554372]
1.018988799999999,[-0.98224849  0.26352239 -1.06222928],[ 0.7974776   0.06832701 -1.24348569]
1.0279613999999988,[-0.98192585  0.26376891 -1.06020546],[ 0.7970019   0.06724375 -1.24388337]
1.0371831,[-0.98152131  0.26415199 -1.05814159],[ 0.79654717  0.06627402 -1.24333596]
1.0446882999999971,[-0.98114216  0.26445919 -1.05621481],[ 0.79633957  0.06588676 -1.24255979]
1.0523705999999997,[-0.98074371  0.26495191 -1.05428278],[ 0.79650676  0.06593714 -1.24152064]
1.0620879999999993,[-0.98035145  0.26533556 -1.05251467],[ 0.79687595  0.06631554 -1.24009752]
1.0698577999999976,[-0.97994053  0.26561204 -1.0508337 ],[ 0.79746175  0.06693433 -1.23837924]
1.0781022,[-0.97951984  0.26540413 -1.04930687],[ 0.79984677  0.07011785 -1.23471451]
1.0864455999999976,[-0.97913873  0.26640341 -1.04735303],[ 0.80011934  0.07039381 -1.23338926]
1.0939221000000003,[-0.9787699   0.266074   -1.04605639],[ 0.80040818  0.07065595 -1.23208296]
1.1020178999999999,[-0.97847652  0.26597071 -1.04461598],[ 0.80073476  0.07093444 -1.23069882]
1.1096407999999975,[-0.97824228  0.26586661 -1.04394686],[ 0.80090725  0.07108891 -1.22999752]
1.118664299999999,[-0.97771835  0.26621342 -1.04174173],[ 0.80138457  0.07150345 -1.22797024]
1.1279950999999997,[-0.97718459  0.26597148 -1.04069126],[ 0.80170566  0.07171892 -1.22662032]
1.1358076999999973,[-0.9768998   0.26633173 -1.0391736 ],[ 0.80203652  0.07180672 -1.22514701]
1.1451640999999988,[-0.97631389  0.26607952 -1.0382427 ],[ 0.8023259   0.07208809 -1.22383428]
1.1530823999999988,[-0.97597867  0.2663675  -1.03682661],[ 0.8026346   0.07230754 -1.22249413]
1.1605969999999992,[-0.97548223  0.26618239 -1.03585982],[ 0.80294245  0.07252605 -1.22114825]
1.1686887999999982,[-0.97508776  0.26630151 -1.03473365],[ 0.80322367  0.07276309 -1.21980798]
1.1783198000000006,[-0.97460169  0.26605862 -1.03382933],[ 0.80338639  0.07288615 -1.21839535]
1.188371,[-0.9740299   0.265742   -1.03316927],[ 0.80374384  0.07318758 -1.2171706 ]
1.1970223000000004,[-0.97375941  0.26588759 -1.03194332],[ 0.80398864  0.07339879 -1.21588397]
1.2060992000000006,[-0.97291082  0.26512986 -1.03100836],[ 0.80433643  0.07371635 -1.2139678 ]
1.2137157999999992,[-0.97264683  0.26495394 -1.0306803 ],[ 0.80445373  0.07381457 -1.21332681]
1.2253685999999995,[-0.97213024  0.26477188 -1.02925861],[ 0.80483955  0.07407516 -1.21138024]
1.2337454999999977,[-0.97159642  0.26424623 -1.02867842],[ 0.80507082  0.07429176 -1.2101053 ]
1.2419446,[-0.9710142   0.26373485 -1.02827477],[ 0.80528122  0.07446716 -1.208848  ]
1.2504419999999996,[-0.9706763   0.26360086 -1.02739823],[ 0.80547893  0.0746057  -1.20759726]
1.2589666999999984,[-0.97023952  0.26322538 -1.0267998 ],[ 0.80573583  0.07469667 -1.20629227]
1.2689825999999975,[-0.9693892   0.26223022 -1.02636564],[ 0.80606651  0.07489999 -1.20440686]
1.2771681999999984,[-0.96892148  0.26170167 -1.0259217 ],[ 0.80623466  0.07503433 -1.20320797]
1.286189499999999,[-0.96846986  0.2611925  -1.02547133],[ 0.80640626  0.0751335  -1.20199251]
1.2947989,[-0.96817881  0.26089856 -1.02486396],[ 0.80651951  0.07522686 -1.2007724 ]
1.3023871999999983,[-0.9677664   0.26028106 -1.02453601],[ 0.80665398  0.07525727 -1.19955778]
1.3105410000000006,[-0.96737897  0.25962245 -1.0242635 ],[ 0.80679113  0.07536687 -1.19835901]
1.3181701999999973,[-0.96718007  0.25926113 -1.02415037],[ 0.80685735  0.07538927 -1.19777572]
1.3280834999999982,[-0.96655273  0.25802037 -1.02391899],[ 0.80705494  0.07549158 -1.19600308]
1.3358235999999977,[-0.96609825  0.25712863 -1.02392173],[ 0.80708629  0.07548574 -1.19476593]
1.344014399999999,[-0.96576089  0.25638759 -1.02372062],[ 0.80724609  0.07562852 -1.19372296]
1.3563074999999998,[-0.96531582  0.25526857 -1.02333307],[ 0.80746526  0.07581524 -1.19207692]
1.363859099999999,[-0.96517855  0.25498211 -1.02321696],[ 0.80750984  0.07584678 -1.19150972]
1.3719787999999973,[-0.9648639   0.25426415 -1.02312016],[ 0.80766684  0.07589759 -1.19032764]
1.380006899999998,[-0.96449631  0.25346792 -1.02306259],[ 0.80777061  0.07595133 -1.18920779]
1.3882982999999989,[-0.96413076  0.25265208 -1.02302456],[ 0.80787969  0.07598667 -1.18805003]
1.3984221999999988,[-0.96363074  0.25142863 -1.02304709],[ 0.80800891  0.07598459 -1.18631816]
1.4071481999999982,[-0.96330929  0.25060818 -1.02306581],[ 0.8081044   0.0760321  -1.18521094]
1.4148925999999982,[-0.96298563  0.24979718 -1.02309442],[ 0.80819696  0.07613984 -1.1840899 ]
1.4231239000000002,[-0.96266139  0.24900423 -1.02311826],[ 0.80824971  0.07623542 -1.1829834 ]
1.4315762999999997,[-0.96225536  0.24795251 -1.02342665],[ 0.80829334  0.07629374 -1.1818974 ]
1.4397491000000002,[-0.96191639  0.24719507 -1.02350497],[ 0.80832499  0.0763512  -1.18079007]
1.4477386999999986,[-0.96160656  0.24648736 -1.02352405],[ 0.80837828  0.07638039 -1.17972291]
1.457298999999999,[-0.96128744  0.24572574 -1.02356207],[ 0.80848724  0.07636748 -1.17856765]
1.4674643999999972,[-0.9609952   0.24494462 -1.02358866],[ 0.80852222  0.0764513  -1.17747605]
1.475652199999999,[-0.96075791  0.24422514 -1.02362621],[ 0.80853361  0.07650205 -1.17639232]
1.4837172999999986,[-0.96064973  0.24364199 -1.02346408],[ 0.80854422  0.07659145 -1.17528605]
1.4928630999999974,[-0.96047366  0.24284607 -1.02350366],[ 0.80857754  0.07670071 -1.17423415]
1.5008112999999987,[-0.96023339  0.24181454 -1.0238378 ],[ 0.80862665  0.07682431 -1.17315817]
1.5087346000000004,[-0.9601239   0.24101195 -1.02393019],[ 0.80863518  0.07693039 -1.17207694]
1.5177881999999983,[-0.96005791  0.2402757  -1.02396369],[ 0.80853009  0.07700504 -1.17091632]
1.5259529,[-0.96006185  0.23972949 -1.02381277],[ 0.8085022   0.07706255 -1.16978431]
1.5341972999999989,[-0.9599992   0.23904219 -1.02387905],[ 0.80862761  0.0772731  -1.16881752]
1.5428713999999992,[-0.95990527  0.23820937 -1.02409792],[ 0.80862641  0.07748921 -1.1677618 ]
1.5507016999999976,[-0.95982116  0.23747647 -1.02436209],[ 0.80862117  0.0777178  -1.16671515]
1.5618163999999979,[-0.95982373  0.2365796  -1.02444708],[ 0.8085773   0.07798096 -1.16512847]
1.5704074999999982,[-0.95990986  0.23619339 -1.02429652],[ 0.80858618  0.07822164 -1.1640985 ]
1.5796053999999984,[-0.95993352  0.23563366 -1.02437067],[ 0.80850279  0.07834738 -1.16297054]
1.5880754999999986,[-0.95987487  0.2347568  -1.02474892],[ 0.8085283   0.07846028 -1.16188335]
1.5986370999999977,[-0.96000099  0.23391068 -1.02487338],[ 0.80872369  0.07888823 -1.16048336]
1.607087,[-0.96021825  0.23356999 -1.0247184 ],[ 0.80872738  0.0790858  -1.15944862]
1.6150944999999979,[-0.96022397  0.23283736 -1.02505565],[ 0.80876541  0.07929365 -1.15844083]
1.6230793000000006,[-0.96038061  0.23227935 -1.02517486],[ 0.80880767  0.07954431 -1.15746176]
1.6323443999999974,[-0.96067804  0.23198473 -1.02504754],[ 0.80884379  0.07977156 -1.15645862]
1.6404934000000004,[-0.96089774  0.23158631 -1.02510786],[ 0.80889809  0.07993021 -1.15543997]
1.650490399999999,[-0.96096808  0.23090196 -1.02547634],[ 0.80875373  0.07996307 -1.15432215]
1.6608191999999988,[-0.96127689  0.23036605 -1.02558744],[ 0.80895209  0.08030008 -1.15293026]
1.6691137000000005,[-0.96162301  0.23028891 -1.02543378],[ 0.80895799  0.0804529  -1.15197921]
1.6781666999999985,[-0.96183968  0.22985125 -1.02566814],[ 0.80898893  0.08067507 -1.15102339]
1.6867798999999977,[-0.96206933  0.22947405 -1.02589893],[ 0.80900538  0.081021   -1.14994419]
1.7009048999999976,[-0.96269828  0.22929698 -1.02575088],[ 0.80900812  0.08108653 -1.14870489]
1.7106656999999998,[-0.96315771  0.2286177  -1.02626014],[ 0.80899543  0.08126119 -1.14730036]
1.7188333,[-0.96367025  0.22858594 -1.02615893],[ 0.80896622  0.08137602 -1.14639819]
1.7262825,[-0.96380937  0.22835444 -1.02634907],[ 0.80896395  0.08143607 -1.1459465 ]
1.7342440000000003,[-0.96415049  0.22805797 -1.02668393],[ 0.80895907  0.08155267 -1.14508963]
1.7423964999999981,[-0.96473277  0.22811921 -1.02662051],[ 0.80878764  0.08153047 -1.14415205]
1.7539868999999975,[-0.96527225  0.2277637  -1.02714968],[ 0.80871582  0.08175641 -1.14295483]
1.7661513999999983,[-0.96592242  0.22763667 -1.02743769],[ 0.80878758  0.08209492 -1.14188218]
1.7738864999999997,[-0.96647894  0.22776122 -1.02742028],[ 0.80871838  0.08220194 -1.1411556 ]
1.7820923999999998,[-0.9668079   0.22745447 -1.02787948],[ 0.80863756  0.08229214 -1.14045382]
1.7897259999999982,[-0.96723068  0.22737563 -1.02811444],[ 0.80856866  0.08241962 -1.13973033]
1.8026558000000001,[-0.96796566  0.22731608 -1.02837968],[ 0.80838561  0.08265556 -1.13875544]
1.8105791999999994,[-0.96842891  0.22722663 -1.02861691],[ 0.80832046  0.08284614 -1.13810909]
1.8196788999999995,[-0.968988   0.2272746 -1.028687 ],[ 0.80806673  0.08285734 -1.13736439]
1.8272677000000002,[-0.96943659  0.22707579 -1.02907038],[ 0.80810863  0.08314595 -1.13690472]
1.8353708999999974,[-0.97006565  0.22720961 -1.02903819],[ 0.80800134  0.08329214 -1.13630772]
1.8438476000000001,[-0.97046769  0.22700731 -1.02943182],[ 0.80788791  0.08343095 -1.1356982 ]
1.8523335000000003,[-0.97094434  0.22699155 -1.02965271],[ 0.80758238  0.08334866 -1.13497293]
1.860647499999999,[-0.97157121  0.22722185 -1.02961218],[ 0.8074252   0.08347321 -1.13441992]
1.8691434999999998,[-0.97195715  0.22707617 -1.03002739],[ 0.80724967  0.08360975 -1.13384616]
1.8775027999999985,[-0.97242951  0.22710158 -1.03020859],[ 0.80723441  0.08389243 -1.13339794]
1.8866119999999995,[-0.97304916  0.22738537 -1.03006029],[ 0.80688208  0.08384863 -1.13274324]
1.8940035999999978,[-0.9734515   0.22719359 -1.03045726],[ 0.80671096  0.08394882 -1.13223851]
1.9023651999999984,[-0.9739548   0.22720081 -1.03062689],[ 0.80652285  0.0840213  -1.13166893]
1.911287299999998,[-0.97459632  0.22739786 -1.03053164],[ 0.80633461  0.08406675 -1.13109291]
1.9190110999999987,[-0.97499251  0.22719173 -1.03091753],[ 0.8061195   0.0841232  -1.13055766]
1.9272266999999985,[-0.97563571  0.22737609 -1.03082609],[ 0.8059122   0.08428946 -1.12991607]
1.9347597999999984,[-0.9759174   0.22740066 -1.03087366],[ 0.8057633   0.08419245 -1.12976575]
1.9435988000000002,[-0.97657388  0.22723299 -1.03131294],[ 0.80536246  0.08421293 -1.1289351 ]
1.9524405999999992,[-0.97717333  0.22741088 -1.03122914],[ 0.80509347  0.08433563 -1.12830698]
1.9612985999999992,[-0.97768927  0.22742859 -1.03135633],[ 0.80479842  0.08423753 -1.12788904]
1.9691316999999984,[-0.97806287  0.22719723 -1.03173804],[ 0.80451924  0.08417989 -1.12733293]
1.9772441,[-0.97855288  0.22716485 -1.03188705],[ 0.80424547  0.08416829 -1.1268028 ]
1.9853157999999986,[-0.97915393  0.2273241  -1.03178668],[ 0.80395329  0.08413897 -1.12629247]
1.9927411,[-0.97935218  0.22717044 -1.03197145],[ 0.80380404  0.08414121 -1.12604558]
2.0012913999999995,[-0.97977889  0.22700447 -1.03223252],[ 0.80350715  0.08412316 -1.12556136]
2.010348699999998,[-0.980542    0.22697486 -1.03231406],[ 0.80310673  0.08408269 -1.1248641 ]
2.019787899999997,[-0.98093998  0.22676304 -1.03259051],[ 0.80282801  0.08402232 -1.12436581]
2.0295941000000006,[-0.98151749  0.2268545  -1.03244805],[ 0.80255175  0.08392979 -1.12389386]
2.0404142999999983,[-0.98212892  0.2265054  -1.03275335],[ 0.8021518   0.08389574 -1.12309837]
2.048173799999997,[-0.9825049   0.22628468 -1.03299236],[ 0.80189359  0.08374164 -1.12271392]
2.0565171999999983,[-0.98304874  0.22635081 -1.03287542],[ 0.80162174  0.08365171 -1.1222291 ]
2.0652669999999986,[-0.98341769  0.2261131  -1.03307676],[ 0.8013438   0.08357681 -1.12176144]
2.0738774999999983,[-0.98377389  0.22581926 -1.03334904],[ 0.80109     0.08362122 -1.12122071]
2.0814536999999973,[-0.98434812  0.22591449 -1.03315973],[ 0.80076575  0.08345039 -1.12087739]
2.0907833999999994,[-0.98480433  0.22580612 -1.03320718],[ 0.80048126  0.08334616 -1.12038779]
2.0997847999999983,[-0.98512536  0.22538897 -1.03352976],[ 0.8002075   0.08325509 -1.1198982 ]
2.1089679999999973,[-0.98565608  0.22535259 -1.03340161],[ 0.79991078  0.083235   -1.11936092]
2.1179354000000004,[-0.9861297   0.22516589 -1.03345037],[ 0.79959017  0.0830851  -1.11902237]
2.127311299999999,[-0.98670143  0.22459871 -1.0338515 ],[ 0.79912221  0.08298572 -1.11841846]
2.135847899999998,[-0.98729348  0.22463077 -1.03365743],[ 0.79880697  0.0829194  -1.11799729]
2.1439856000000006,[-0.98765224  0.22428161 -1.03385663],[ 0.79847068  0.08284217 -1.11756933]
2.151459299999999,[-0.98782337  0.22408673 -1.03401113],[ 0.79830551  0.08286507 -1.11728299]
2.160693799999997,[-0.9885729   0.22399545 -1.03393447],[ 0.79780424  0.08269644 -1.1167109 ]
2.169047199999998,[-0.98891866  0.22366324 -1.03420532],[ 0.7974537   0.08249556 -1.11643445]
2.1772518000000005,[-0.9892593   0.22339244 -1.03445542],[ 0.79710495  0.0824502  -1.11599302]
2.1845168999999984,[-0.98946673  0.22331727 -1.03449786],[ 0.79694331  0.08240703 -1.11580968]
2.1929917000000003,[-0.98999673  0.22340393 -1.03435159],[ 0.7965914   0.08227886 -1.11546469]
2.2011572999999984,[-0.99034351  0.22311424 -1.03459084],[ 0.79623538  0.0820818  -1.11520481]
2.2106448999999984,[-0.99099559  0.22302762 -1.03465629],[ 0.79575652  0.08196532 -1.11461639]
2.2191230999999974,[-0.99141848  0.22290809 -1.03475773],[ 0.79545814  0.08178967 -1.11431301]
2.2280175999999976,[-0.991732    0.22248539 -1.03511727],[ 0.79516214  0.08151631 -1.11410987]
2.236963499999998,[-0.99224705  0.22248152 -1.03507268],[ 0.79485214  0.08136463 -1.1137166 ]
2.2446105000000003,[-0.99262571  0.22223349 -1.03529477],[ 0.79458046  0.08117715 -1.11342871]
2.252377199999998,[-0.99296904  0.22191575 -1.03561902],[ 0.79430306  0.08092868 -1.11314726]
2.2607076,[-0.99348152  0.22198102 -1.03549564],[ 0.79403567  0.08060034 -1.1129905 ]
2.269043,[-0.99382293  0.22174606 -1.03569245],[ 0.79379588  0.08039298 -1.11267126]
2.2774031999999984,[-0.99416053  0.22146714 -1.03600276],[ 0.79359066  0.08009212 -1.11243606]
2.2864796999999975,[-0.99466771  0.22157361 -1.03588593],[ 0.79338467  0.07976592 -1.11222196]
2.2948041000000003,[-0.99503994  0.22143336 -1.03598392],[ 0.79319388  0.07937011 -1.11209488]
2.3023618999999975,[-0.99531853  0.22099079 -1.03638875],[ 0.7929734   0.07903148 -1.11189604]
2.3129466999999977,[-0.99571258  0.22079493 -1.03656828],[ 0.79275876  0.07877789 -1.11159706]
2.321296399999998,[-0.9962455   0.22089262 -1.03642714],[ 0.79254764  0.07842531 -1.11140442]
2.3289319000000006,[-0.9965058   0.22039311 -1.03683257],[ 0.79234672  0.07807491 -1.11122906]
2.336754499999998,[-0.99687433  0.22010222 -1.03704655],[ 0.79215431  0.07759674 -1.11114049]
2.3469295999999993,[-0.99743503  0.22014417 -1.03688276],[ 0.79197574  0.07719037 -1.11096215]
2.356486099999998,[-0.99788707  0.21942906 -1.0374316 ],[ 0.79175061  0.07655239 -1.11059189]
2.365473099999999,[-0.99839532  0.21934579 -1.0373652 ],[ 0.79159915  0.07606558 -1.11042583]
2.3737892999999985,[-0.99875432  0.2189429  -1.03762555],[ 0.79143548  0.07551348 -1.11036217]
2.3814864999999976,[-0.99905664  0.21851748 -1.03798199],[ 0.7912634   0.07500193 -1.11020732]
2.389977899999998,[-0.99958295  0.21846895 -1.03791368],[ 0.79112971  0.07457701 -1.10996115]
2.3991358999999974,[-0.99992508  0.21797769 -1.03821707],[ 0.79099792  0.07404551 -1.10983312]
2.4088208999999985,[-1.0002203   0.21743938 -1.0386461 ],[ 0.79088795  0.07343669 -1.10968649]
2.4197564999999983,[-1.0008868   0.21697937 -1.03867102],[ 0.79074633  0.07244391 -1.109532  ]
2.428351499999998,[-1.00116765  0.21641058 -1.03909814],[ 0.79066586  0.0718484  -1.10941327]
2.4364503000000006,[-1.0016458   0.21627834 -1.03902161],[ 0.79057366  0.07128717 -1.10922158]
2.4450952999999984,[-1.00194585  0.21578696 -1.03924787],[ 0.79049653  0.07057309 -1.10913491]
2.4530177,[-1.00219691  0.21523328 -1.03962815],[ 0.79045254  0.06981628 -1.10913277]
2.460640299999998,[-1.00261819  0.21505612 -1.03958392],[ 0.79040349  0.06911002 -1.10905063]
2.4686661999999977,[-1.00289249  0.21455696 -1.03985405],[ 0.790344    0.06832691 -1.10894728]
2.4773064,[-1.00309086  0.21397483 -1.04026186],[ 0.79031599  0.06747557 -1.1088469 ]
2.488533099999998,[-1.00344121  0.21379125 -1.04021382],[ 0.79034495  0.06663673 -1.10866439]
2.4989159,[-1.00374961  0.21304196 -1.04060364],[ 0.79037052  0.06524161 -1.10865414]
2.5075888999999982,[-1.00389445  0.21249188 -1.04100358],[ 0.79038286  0.06433482 -1.10863209]
2.516425999999999,[-1.00422037  0.21235859 -1.04093122],[ 0.79042304  0.06342301 -1.10861337]
2.5292841999999993,[-1.00442767  0.21163185 -1.0412662 ],[ 0.79046178  0.06208977 -1.10861826]
2.5395058000000006,[-1.00454223  0.21085703 -1.04178166],[ 0.79050589  0.06061977 -1.10865843]
2.5494446999999987,[-1.00466394  0.21051823 -1.0419184 ],[ 0.7905612   0.05964592 -1.10868216]
2.5581093999999993,[-1.00486791  0.21041605 -1.04185283],[ 0.7905907   0.05863084 -1.10872126]
2.565838199999998,[-1.00492418  0.21008196 -1.042032  ],[ 0.79062492  0.05760993 -1.10880089]
2.574790199999999,[-1.00487959  0.20953932 -1.04243624],[ 0.79065484  0.05662257 -1.10886109]
2.582253099999999,[-1.00487339  0.20920347 -1.04270339],[ 0.79066414  0.05562576 -1.10894954]
2.5938723999999986,[-1.00490201  0.20882715 -1.04291344],[ 0.79067755  0.05411818 -1.10910022]
2.6025226000000004,[-1.00490189  0.208551   -1.04304314],[ 0.79068261  0.05307698 -1.10921466]
2.6115888999999974,[-1.00487339  0.20829749 -1.04315019],[ 0.79071504  0.05200181 -1.10931838]
2.621491599999999,[-1.00481379  0.20803814 -1.04329503],[ 0.79069525  0.05094394 -1.10942125]
2.6311251999999996,[-1.00484622  0.20789023 -1.043244  ],[ 0.79067504  0.04938402 -1.10959172]
2.6393853999999983,[-1.00478923  0.20765682 -1.04331875],[ 0.79067761  0.04834911 -1.10971653]
2.6478240999999976,[-1.00470054  0.20742691 -1.04339981],[ 0.79064071  0.04742347 -1.10985112]
2.6555912999999975,[-1.00465548  0.2073326  -1.04343235],[ 0.79062647  0.04696338 -1.10991967]
2.6648143999999974,[-1.00451803  0.20702809 -1.04349363],[ 0.79060233  0.04550898 -1.11014533]
2.672228799999999,[-1.00446892  0.20691437 -1.04351771],[ 0.79059291  0.04501105 -1.11020947]
2.6821996000000006,[-1.00430346  0.20656686 -1.04358709],[ 0.79049283  0.04362813 -1.11041009]
2.6919818999999983,[-1.00419331  0.20635371 -1.04362476],[ 0.79044217  0.04273601 -1.11053371]
2.700591499999998,[-1.00408614  0.20617397 -1.04365194],[ 0.79038519  0.04181157 -1.11065757]
2.7094889,[-1.00397956  0.20598802 -1.04365027],[ 0.79034078  0.04100283 -1.11076295]
2.719792899999998,[-1.00380862  0.20572343 -1.04362464],[ 0.79010546  0.03972453 -1.11086369]
2.729599799999999,[-1.00368488  0.20555724 -1.04358828],[ 0.78993785  0.03884945 -1.11088479]
2.739910199999997,[-1.00347924  0.20528376 -1.04353452],[ 0.78983563  0.03773054 -1.11102319]
2.7491030999999992,[-1.00332999  0.20513991 -1.04346383],[ 0.78974694  0.0369794  -1.11111593]
2.757401099999999,[-1.00319338  0.20501819 -1.04339683],[ 0.7896682   0.03626176 -1.11120915]
2.765910599999998,[-1.00305688  0.2049146  -1.04332829],[ 0.7895329   0.03558124 -1.11126935]
2.7745527999999986,[-1.00292194  0.20480111 -1.04327083],[ 0.7893675   0.03492524 -1.1113385 ]
2.7821387999999985,[-1.0028156   0.2046946  -1.04318833],[ 0.78927106  0.03428809 -1.11136723]
2.791035599999997,[-1.00272954  0.20459709 -1.04311109],[ 0.78916812  0.03369381 -1.11141837]
2.806186399999998,[-1.0023489   0.20419361 -1.04320359],[ 0.7890321   0.0325433  -1.11153805]
2.813613499999999,[-1.00227177  0.20418625 -1.04313457],[ 0.7889365   0.03225049 -1.11156547]
2.825311299999999,[-1.00206923  0.20425051 -1.0429374 ],[ 0.78872049  0.03145104 -1.11162436]
2.8344494000000005,[-1.00191712  0.2043481  -1.04279017],[ 0.78866571  0.03101643 -1.11158919]
2.844010899999997,[-1.00161493  0.20451799 -1.04261494],[ 0.78846562  0.03036443 -1.11169827]
2.8522222999999975,[-1.00142264  0.20465554 -1.04248857],[ 0.7883417   0.02988512 -1.11173129]
2.8610884,[-1.0012356   0.20480303 -1.04234064],[ 0.78822446  0.02939019 -1.11174595]
2.869010499999998,[-1.00109565  0.2051042  -1.0420239 ],[ 0.78812748  0.02890255 -1.11175859]
2.878105699999999,[-1.00087357  0.20526329 -1.04188633],[ 0.78811866  0.02857116 -1.11187506]
2.8866786999999974,[-1.00059116  0.20530528 -1.04184127],[ 0.78794694  0.02797373 -1.11184275]
2.8950678999999973,[-1.00031722  0.20540628 -1.04182184],[ 0.78782219  0.02747186 -1.11184096]
2.902361199999998,[-1.00006664  0.20560341 -1.04163539],[ 0.78771591  0.02705037 -1.1118896 ]
2.9116152999999976,[-0.99981779  0.2058112  -1.04144216],[ 0.78760242  0.02657923 -1.11189556]
2.9197723999999994,[-0.99971884  0.20631811 -1.04097354],[ 0.78754812  0.02621306 -1.11197376]
2.9280662999999976,[-0.99948657  0.20649688 -1.04078174],[ 0.78746355  0.02567851 -1.11196375]
2.9357726999999976,[-0.99913883  0.20640728 -1.04083002],[ 0.78733194  0.02507504 -1.11189854]
2.9468846999999982,[-0.9989022   0.20648319 -1.04068029],[ 0.78724766  0.02458951 -1.11191201]
2.955448399999998,[-0.99869782  0.20662943 -1.04042757],[ 0.78718442  0.02413747 -1.1119653 ]
2.9647228000000005,[-0.99849194  0.20705405 -1.03987455],[ 0.78710693  0.0235598  -1.1120795 ]
2.9728825999999984,[-0.99830991  0.20724393 -1.03961754],[ 0.78700113  0.02313397 -1.11212206]
2.981384799999997,[-0.99798262  0.20717037 -1.03960359],[ 0.78691334  0.0227152  -1.11216295]
2.990123999999998,[-0.99777979  0.20729689 -1.03940225],[ 0.78682613  0.02227078 -1.11220753]
3.0014749999999992,[-0.99758577  0.20747037 -1.0391525 ],[ 0.78664851  0.02167377 -1.11215365]
3.0112703999999972,[-0.99737728  0.207801   -1.03863037],[ 0.78656644  0.02098875 -1.11225915]
3.0205327000000004,[-0.9971379   0.20781314 -1.03851986],[ 0.78637064  0.02043819 -1.1122694 ]
3.0280188999999993,[-0.99689776  0.20785096 -1.03845012],[ 0.78622878  0.01992816 -1.1122911 ]
3.0374757999999993,[-0.99671298  0.20799011 -1.03819776],[ 0.78608519  0.01947837 -1.11231732]
3.0459341,[-0.99654192  0.20809072 -1.03796577],[ 0.78599602  0.01910191 -1.11238456]
3.0539597,[-0.9964875   0.2083309  -1.03757858],[ 0.78584248  0.01861026 -1.11240828]
3.062742199999999,[-0.99631155  0.20838377 -1.03738391],[ 0.78571415  0.01810065 -1.11243558]
3.0731231,[-0.99592054  0.20826648 -1.03732157],[ 0.78547144  0.01722874 -1.11240053]
3.0823791999999983,[-0.99573326  0.20836803 -1.03716302],[ 0.78534377  0.01674544 -1.1124078 ]
3.091800299999999,[-0.99555469  0.20850484 -1.03694546],[ 0.7852518   0.01634777 -1.11247659]
3.1004711,[-0.99541801  0.20882031 -1.03659964],[ 0.78507268  0.01590094 -1.11255562]
3.108934099999999,[-0.99519533  0.20900528 -1.03640449],[ 0.78490627  0.01546144 -1.11260355]
3.118663099999999,[-0.99476314  0.20901363 -1.03637958],[ 0.78460068  0.01471928 -1.11265445]
3.128194099999998,[-0.99453276  0.20909743 -1.03626072],[ 0.7844277   0.01428001 -1.1127094 ]
3.1359612000000006,[-0.99433655  0.20922121 -1.03608453],[ 0.78435391  0.01395505 -1.11282241]
3.144759699999998,[-0.99415493  0.20935363 -1.03594518],[ 0.78418529  0.01350347 -1.11291623]
3.1524335999999984,[-0.99406832  0.20968582 -1.0356009 ],[ 0.78401607  0.0130987  -1.11301267]
3.161220799999999,[-0.99390084  0.20985009 -1.03544247],[ 0.78386235  0.01272806 -1.11310494]
3.1701708999999987,[-0.99363208  0.20977898 -1.03554797],[ 0.78363544  0.0122593  -1.11316955]
3.1779683,[-0.99346542  0.2099406  -1.03542733],[ 0.78360105  0.01201338 -1.11329579]
3.186059199999999,[-0.9932977   0.21014945 -1.03524637],[ 0.78349501  0.01166444 -1.11340296]
3.194014899999999,[-0.9931857  0.210502  -1.034899 ],[ 0.78331941  0.01121743 -1.11347568]
3.2033622999999984,[-0.99300504  0.21069543 -1.03473938],[ 0.78330624  0.0110002  -1.11359668]
3.212897699999999,[-0.99278462  0.2107698  -1.03469217],[ 0.78319567  0.01071355 -1.11371982]
3.2231086999999974,[-0.99251598  0.21094638 -1.03457201],[ 0.78299975  0.01035649 -1.11392736]
3.2314000999999983,[-0.99241525  0.2110955  -1.03441322],[ 0.78285968  0.01014246 -1.11408353]
3.240889799999998,[-0.99232978  0.21124528 -1.03427541],[ 0.78271675  0.00991636 -1.114218  ]
3.2496583999999977,[-0.99222696  0.21141544 -1.03413618],[ 0.78257334  0.00970714 -1.11433566]
3.258680899999998,[-0.99210995  0.21158604 -1.03398371],[ 0.78236377  0.00944126 -1.11442471]
3.2687004,[-0.99204916  0.21209721 -1.0334872 ],[ 0.78211594  0.00916621 -1.1145643 ]
3.276308,[-0.99199766  0.21219736 -1.03340113],[ 0.7820493   0.00910083 -1.11460769]
3.2845024999999985,[-0.99180543  0.21222663 -1.03343403],[ 0.78189307  0.00898751 -1.11469007]
3.293801799999997,[-0.99167573  0.21254757 -1.03317821],[ 0.78160626  0.00886397 -1.11479831]
3.3025515999999975,[-0.99162132  0.21276514 -1.03298771],[ 0.78138602  0.00875295 -1.11490202]
3.310710499999999,[-0.99156189  0.21296316 -1.03281736],[ 0.78115511  0.0086695  -1.11499679]
3.3198966999999975,[-0.99158347  0.21334367 -1.03244948],[ 0.78094333  0.00859413 -1.11507726]
3.3293599,[-0.99151659  0.21359335 -1.0322392 ],[ 0.78072393  0.00852868 -1.11516273]
3.3382593999999983,[-0.99143475  0.21385457 -1.03204584],[ 0.78053319  0.0085041  -1.11524034]
3.3468300999999983,[-0.9912473   0.21397981 -1.03204417],[ 0.78032887  0.00851892 -1.11531472]
3.3552614,[-0.99114406  0.21427515 -1.03186119],[ 0.78013825  0.00853078 -1.1153909 ]
3.366994599999998,[-0.99111205  0.21495402 -1.03132832],[ 0.77984011  0.00856839 -1.11552644]
3.375594099999997,[-0.99100816  0.2153094  -1.03108394],[ 0.77966261  0.00860274 -1.11561394]
3.3844369999999984,[-0.99078286  0.21542916 -1.03108907],[ 0.77952719  0.0086138  -1.11568987]
3.3928212,[-0.99064904  0.21572897 -1.03088367],[ 0.77939272  0.00867643 -1.11575687]
3.402329999999999,[-0.99063659  0.21650751 -1.03023446],[ 0.77917278  0.00878537 -1.11588085]
3.4113086999999993,[-0.99048364  0.21676719 -1.03008616],[ 0.77900493  0.00889943 -1.11597455]
3.4217972000000003,[-0.99033588  0.2170064  -1.02997744],[ 0.7788744   0.0090626  -1.11607015]
3.431562699999997,[-0.99024498  0.21751404 -1.02953255],[ 0.77870584  0.00925591 -1.11618495]
3.4397054999999988,[-0.99029958  0.21801043 -1.02904248],[ 0.77865237  0.00941696 -1.11627233]
3.448759299999999,[-0.99022627  0.21829332 -1.02878261],[ 0.77862334  0.00958915 -1.11636829]
3.4572255999999975,[-0.99006128  0.21836706 -1.02872813],[ 0.77871501  0.0099042  -1.11647511]
3.4650730000000003,[-0.99003804  0.21861912 -1.02847469],[ 0.77871966  0.01011447 -1.11658525]
3.473119099999998,[-0.99005342  0.21890089 -1.02814913],[ 0.778745    0.01033613 -1.11669326]
3.483932899999999,[-0.990035    0.21909165 -1.0278728 ],[ 0.77880198  0.01060761 -1.1168226 ]
3.4921919999999993,[-0.99005449  0.21927013 -1.0275979 ],[ 0.7788918   0.010908   -1.11696446]
3.5025330999999973,[-0.99022472  0.21973151 -1.02691579],[ 0.77896774  0.01118899 -1.11717153]
3.511061399999999,[-0.99024433  0.21989444 -1.02663779],[ 0.77917653  0.01155099 -1.11730158]
3.5190464000000006,[-0.99025303  0.22008061 -1.02635932],[ 0.77938133  0.01188511 -1.11744332]
3.528088799999999,[-0.99019974  0.22017202 -1.02617157],[ 0.77967578  0.01235079 -1.11759603]
3.5365418999999996,[-0.99016201  0.22029193 -1.0260365 ],[ 0.77987981  0.01270553 -1.11774838]
3.5459514,[-0.99017924  0.22054844 -1.0257231 ],[ 0.78001893  0.01293355 -1.11789203]
3.556611499999999,[-0.990179    0.2208973  -1.02534449],[ 0.78052109  0.01364063 -1.11817813]
3.564726699999998,[-0.99017155  0.22112605 -1.02509928],[ 0.78083551  0.0140325  -1.11833739]
3.5736329999999974,[-0.99027681  0.22155823 -1.02463782],[ 0.78110951  0.01431102 -1.11846244]
3.581579399999999,[-0.99026155  0.22178861 -1.02441752],[ 0.78153586  0.01480002 -1.11861718]
3.5909812999999993,[-0.99018478  0.22191742 -1.0243212 ],[ 0.7818796   0.01522253 -1.1187644 ]
3.599334299999999,[-0.99012429  0.22209708 -1.02422297],[ 0.78220987  0.01572331 -1.11890364]
3.607267799999999,[-0.99011642  0.22243071 -1.02392876],[ 0.78248376  0.01612606 -1.11900628]
3.6150141,[-0.99005598  0.22277467 -1.023664  ],[ 0.78293753  0.01674712 -1.11914384]
3.623095899999999,[-0.99006581  0.22334453 -1.02317011],[ 0.7833209   0.01724911 -1.11924851]
3.6315348999999983,[-0.98988986  0.22365019 -1.0229944 ],[ 0.78362691  0.01765833 -1.11930966]
3.639410699999999,[-0.98968953  0.22393823 -1.02288139],[ 0.7840814   0.01827026 -1.11942852]
3.647777299999998,[-0.9895522   0.22438294 -1.02259028],[ 0.78437155  0.01866716 -1.11944258]
3.6579356999999995,[-0.98952919  0.22507624 -1.02206016],[ 0.78483289  0.01936305 -1.11958838]
3.669644899999998,[-0.98921937  0.22565678 -1.02190435],[ 0.78538418  0.02028732 -1.11974752]
3.678080999999999,[-0.98906094  0.22620291 -1.02166641],[ 0.78566927  0.02081669 -1.1198225 ]
3.6881299999999975,[-0.98903316  0.22707419 -1.02106535],[ 0.78612572  0.02155685 -1.11998272]
3.6979352,[-0.98858839  0.22783892 -1.02090609],[ 0.78666663  0.02244563 -1.12014139]
3.7068446999999978,[-0.98850656  0.22875623 -1.02039194],[ 0.78706336  0.02304254 -1.12021089]
3.7154372,[-0.98825133  0.22943492 -1.02018833],[ 0.78750265  0.0237059  -1.12032354]
3.7237799000000003,[-0.9879514   0.23018193 -1.02003241],[ 0.78793728  0.02441597 -1.12044156]
3.732849599999998,[-0.98787576  0.23126343 -1.01941431],[ 0.78816444  0.02497078 -1.12051868]
3.743717799999999,[-0.98752159  0.23259892 -1.01895988],[ 0.78888959  0.0261497  -1.12073696]
3.7514970000000005,[-0.98742372  0.23309097 -1.01877344],[ 0.78912097  0.02660638 -1.12082243]
3.760658499999998,[-0.9869644   0.2342931  -1.01848853],[ 0.78971332  0.02735541 -1.12078476]
3.7700768999999994,[-0.98679125  0.23536126 -1.01795149],[ 0.79033595  0.02824602 -1.12106431]
3.779370799999999,[-0.98653054  0.23624255 -1.01775992],[ 0.79090071  0.0290567  -1.12121761]
3.7897596999999976,[-0.98643589  0.23746365 -1.01715422],[ 0.79115403  0.02948146 -1.12114477]
3.7999677,[-0.98611915  0.23897073 -1.01656473],[ 0.79202044  0.03084709 -1.12155104]
3.8107457999999994,[-0.98571807  0.24030268 -1.01616597],[ 0.79282159  0.03192233 -1.12176919]
3.8234195,[-0.98544002  0.2418963  -1.0154115 ],[ 0.79357362  0.03286117 -1.12197542]
3.8321445999999995,[-0.98523921  0.24294142 -1.01489985],[ 0.79411     0.03351124 -1.12207794]
3.8398131999999983,[-0.9849472   0.24379042 -1.01452744],[ 0.79451925  0.03404582 -1.12211454]
3.8479168999999978,[-0.98475629  0.24478076 -1.01402652],[ 0.79519266  0.03480142 -1.12233329]
3.8554192,[-0.98465991  0.24524572 -1.0137912 ],[ 0.79545254  0.03511782 -1.12241304]
3.8644450999999975,[-0.9842971   0.24651092 -1.01314378],[ 0.79608423  0.03593101 -1.12253141]
3.8716165999999994,[-0.98419392  0.24694686 -1.01289725],[ 0.79632783  0.03623678 -1.12260413]
3.8820318,[-0.98367947  0.24784607 -1.01256931],[ 0.79728979  0.03721939 -1.12288594]
3.8900056999999997,[-0.98356873  0.24881078 -1.01187849],[ 0.79788572  0.03779873 -1.12303352]
3.8984503000000004,[-0.98314822  0.24931148 -1.01171958],[ 0.79844111  0.03826633 -1.12314653]
3.9066688999999997,[-0.98296237  0.25010723 -1.011096  ],[ 0.79899681  0.03874152 -1.12326181]
3.917334199999999,[-0.98261702  0.25060999 -1.01081264],[ 0.79958093  0.03930113 -1.1234051 ]
3.9270601999999997,[-0.98224461  0.25153536 -1.01015377],[ 0.80047125  0.04010485 -1.1236136 ]
3.935952999999998,[-0.9818716   0.25191671 -1.0099622 ],[ 0.80090541  0.04050653 -1.12366855]
3.9466933999999974,[-0.98161685  0.25250614 -1.00955224],[ 0.80158961  0.04107824 -1.12389302]
3.9564079999999997,[-0.98104382  0.25307518 -1.00921249],[ 0.8024255   0.04176974 -1.12401235]
3.964812499999997,[-0.98076761  0.25355256 -1.00884116],[ 0.80298281  0.04218069 -1.1241107 ]
3.9743901999999984,[-0.98043579  0.25391015 -1.00857592],[ 0.80364138  0.04267339 -1.12430477]
3.982172799999997,[-0.9799509   0.25405174 -1.00854659],[ 0.80422646  0.04308925 -1.12442267]
3.9909119000000004,[-0.97960943  0.25434816 -1.00834298],[ 0.80483788  0.04356548 -1.12454736]
3.9988998000000002,[-0.97938865  0.25484607 -1.00786567],[ 0.80546129  0.043992   -1.12464154]
4.008666399999999,[-0.978939    0.25500861 -1.00780714],[ 0.80605322  0.04437421 -1.12474084]
4.018058999999997,[-0.97849125  0.25515351 -1.00781798],[ 0.80666167  0.04478782 -1.1248318 ]
4.027236899999998,[-0.97803175  0.25572091 -1.0072782 ],[ 0.80767435  0.04539932 -1.12497079]
4.036599599999999,[-0.97750485  0.25572217 -1.00740623],[ 0.80834532  0.04567105 -1.12507546]
4.044658399999999,[-0.97723311  0.25614598 -1.00703812],[ 0.80900699  0.04598656 -1.12516427]
4.054011499999998,[-0.97684783  0.25638843 -1.00685823],[ 0.80969751  0.04648045 -1.1252563 ]
4.062374999999999,[-0.97635442  0.25639069 -1.00697732],[ 0.81037873  0.04672167 -1.12535822]
4.070406499999997,[-0.97611165  0.25671366 -1.00662029],[ 0.8110441   0.04700238 -1.12545192]
4.081605099999997,[-0.97558278  0.25696698 -1.00640464],[ 0.81219274  0.04737856 -1.12552905]
4.089934799999998,[-0.97512525  0.2568953  -1.0065558 ],[ 0.81295872  0.04765249 -1.12559092]
4.0983035,[-0.97477567  0.25698489 -1.0064671 ],[ 0.81376088  0.04785011 -1.1256187 ]
4.1067933,[-0.97457761  0.25730935 -1.00608587],[ 0.81452847  0.04802023 -1.12565541]
4.117605899999997,[-0.9742378   0.25746873 -1.0059917 ],[ 0.81533319  0.04817706 -1.12570107]
4.129145099999999,[-0.97359085  0.25747803 -1.00614679],[ 0.81656682  0.04838359 -1.12571084]
4.1374317000000005,[-0.97337115  0.25786024 -1.00574493],[ 0.8173666   0.04850106 -1.12570155]
4.1447304,[-0.97300148  0.25801682 -1.00564718],[ 0.81820363  0.04855426 -1.12566459]
4.152776599999999,[-0.97252363  0.25798544 -1.00581062],[ 0.81907916  0.0486068  -1.1255877 ]
4.161239899999998,[-0.97218007  0.25811449 -1.00574148],[ 0.81993318  0.04864197 -1.12551367]
4.169624299999999,[-0.97195804  0.25843868 -1.0054003 ],[ 0.82078922  0.04866244 -1.12543464]
4.178361199999998,[-0.97159708  0.25855762 -1.00530851],[ 0.82163775  0.04871318 -1.12536395]
4.189442699999997,[-0.97096354  0.25851703 -1.00547135],[ 0.82287675  0.04871559 -1.1251899 ]
4.198674399999998,[-0.97064525  0.25863791 -1.00538862],[ 0.82377237  0.0486498  -1.12501013]
4.206475399999999,[-0.97043371  0.25896049 -1.00504827],[ 0.82464892  0.04862776 -1.12483573]
4.214600599999997,[-0.97004509  0.25904748 -1.0049777 ],[ 0.82550901  0.04854058 -1.12464058]
4.222193799999999,[-0.96976781  0.25897115 -1.0050813 ],[ 0.82595325  0.04845709 -1.12451899]
4.230312899999998,[-0.96929801  0.25894886 -1.00517809],[ 0.82677913  0.04835024 -1.12428761]
4.240414399999999,[-0.9688431   0.2592946  -1.00479341],[ 0.82807481  0.04812722 -1.12389815]
4.2497219999999984,[-0.96834165  0.25925395 -1.00486231],[ 0.82899296  0.04801131 -1.1236254 ]
4.258799699999997,[-0.96782005  0.25921807 -1.00499189],[ 0.82986885  0.04784895 -1.1233077 ]
4.2692497,[-0.96725798  0.25950289 -1.00466597],[ 0.83118063  0.0475837  -1.1228559 ]
4.2788164,[-0.96678877  0.25954857 -1.0046674 ],[ 0.83205235  0.0472922  -1.12251079]
4.288559799999998,[-0.96617121  0.25938216 -1.00488448],[ 0.83294612  0.04702791 -1.12219107]
4.298877599999997,[-0.96553683  0.25955349 -1.00462568],[ 0.83434409  0.04664678 -1.12164915]
4.3089705999999985,[-0.96504015  0.25959182 -1.00459135],[ 0.83526605  0.04644069 -1.12133491]
4.319205099999998,[-0.96412802  0.25943214 -1.004807  ],[ 0.83673674  0.04604531 -1.12080431]
4.327974899999997,[-0.96370465  0.25963575 -1.00455415],[ 0.83764887  0.0457968  -1.1204983 ]
4.3375424,[-0.96316367  0.25968051 -1.00450718],[ 0.8386122   0.04548043 -1.12014973]
4.3459617,[-0.96246612  0.2594941  -1.00477684],[ 0.8395887   0.04516059 -1.11978018]
4.3562677,[-0.96177101  0.25969118 -1.00456464],[ 0.84111893  0.04467946 -1.11926913]
4.364463799999999,[-0.96113235  0.25956863 -1.00468814],[ 0.84211463  0.04442372 -1.11892176]
4.373701999999998,[-0.96049792  0.25945526 -1.00485635],[ 0.84316254  0.0441281  -1.11857212]
4.3820975,[-0.96010286  0.25966018 -1.00457764],[ 0.84418595  0.04376835 -1.11822677]
4.389818899999998,[-0.95959103  0.25964829 -1.00457931],[ 0.84525985  0.04345979 -1.11793053]
4.3982510999999995,[-0.95891404  0.25939319 -1.0048517 ],[ 0.84634453  0.04316447 -1.11758101]
4.4071532,[-0.95834994  0.25930554 -1.00491464],[ 0.84744334  0.04280199 -1.11722684]
4.4149116999999976,[-0.95793355  0.25949821 -1.00464189],[ 0.84854388  0.04245756 -1.11687779]
4.4231145000000005,[-0.95724869  0.25933954 -1.00483096],[ 0.8496837   0.04213341 -1.11650598]
4.4330563000000005,[-0.95658767  0.25920984 -1.00504613],[ 0.85078812  0.04175523 -1.11616969]
4.441838499999999,[-0.95615458  0.25943497 -1.00479341],[ 0.85186923  0.04140467 -1.11578298]
4.451036599999998,[-0.95548159  0.25931314 -1.00498033],[ 0.85299474  0.04106832 -1.11540389]
4.462838699999999,[-0.95458198  0.25938249 -1.00502181],[ 0.85473442  0.04058698 -1.11487544]
4.4712301,[-0.95398736  0.25941378 -1.00504732],[ 0.8558622   0.04028034 -1.11448479]
4.479395699999998,[-0.9532147   0.25915533 -1.00540221],[ 0.8570298   0.03991768 -1.11409581]
4.488002099999999,[-0.95268077  0.25927955 -1.00526881],[ 0.85819781  0.03962476 -1.11371803]
4.4979271999999995,[-0.95168144  0.25914651 -1.00554299],[ 0.85996419  0.03918164 -1.11316383]
4.5080811999999995,[-0.95096499  0.25902721 -1.00581479],[ 0.86118835  0.03893001 -1.112795  ]
4.516052599999998,[-0.9504658   0.25922143 -1.00564659],[ 0.86241359  0.0387111  -1.11241508]
4.523889399999998,[-0.94976521  0.25913626 -1.00583458],[ 0.86363035  0.03843991 -1.11207545]
4.5321301,[-0.94900632  0.25904438 -1.00616574],[ 0.86486995  0.03822869 -1.11169183]
4.5413608,[-0.94849086  0.25929946 -1.00600588],[ 0.86613661  0.03801835 -1.11136067]
4.549870199999997,[-0.94763869  0.25911602 -1.00644183],[ 0.86738706  0.03784589 -1.11096931]
4.560749099999999,[-0.94669527  0.25942323 -1.00638855],[ 0.8693068   0.03760189 -1.11048687]
4.569488099999997,[-0.94581747  0.25929561 -1.00680029],[ 0.87059152  0.03743959 -1.11017191]
4.578594299999999,[-0.94516402  0.25953484 -1.00674903],[ 0.8719008   0.03737861 -1.10982013]
4.587612199999999,[-0.94436067  0.25954747 -1.00693309],[ 0.87324905  0.03732245 -1.10958195]
4.5958723999999975,[-0.94347805  0.25949734 -1.00726223],[ 0.87460405  0.03720338 -1.109303  ]
4.607206299999998,[-0.94233519  0.25966311 -1.00736487],[ 0.87669677  0.03717654 -1.10886776]
4.6156124,[-0.94161928  0.25990459 -1.00725329],[ 0.87805802  0.03714969 -1.10864449]
4.623887199999999,[-0.9407658   0.25989732 -1.00740325],[ 0.8794598   0.03717237 -1.10837781]
4.6331846,[-0.93997234  0.26004198 -1.00745916],[ 0.88083333  0.03717674 -1.10816681]
4.6440208,[-0.93854076  0.26001352 -1.00781012],[ 0.88290739  0.03724854 -1.1077441 ]
4.6523593000000005,[-0.93771249  0.2602149  -1.00772774],[ 0.8842656   0.03730531 -1.1075182 ]
4.662231799999997,[-0.93672329  0.26017174 -1.00799417],[ 0.88563097  0.03733311 -1.10725939]
4.669799099999999,[-0.93587869  0.26035646 -1.00785458],[ 0.88701165  0.03745287 -1.10701048]
4.677450999999998,[-0.93492812  0.26052666 -1.00783813],[ 0.88836247  0.03750934 -1.10675335]
4.686475099999999,[-0.93389601  0.26049587 -1.00799847],[ 0.88968092  0.03761719 -1.10650504]
4.694416999999998,[-0.93294865  0.26069686 -1.00798321],[ 0.89104372  0.03773828 -1.10622835]
4.703447199999999,[-0.93181521  0.26061824 -1.00819838],[ 0.89234686  0.03784097 -1.10597193]
4.712543,[-0.9308027   0.26081139 -1.00813103],[ 0.89370465  0.03798088 -1.10570359]
4.721834299999998,[-0.92979658  0.26101723 -1.00813389],[ 0.89501214  0.03810116 -1.10545838]
4.7323789000000005,[-0.92811775  0.26117074 -1.00824285],[ 0.89694744  0.0382674  -1.10501444]
4.743761899999999,[-0.92646515  0.2613273  -1.00835443],[ 0.89888477  0.03837016 -1.10464108]
4.7507628,[-0.92583698  0.26131198 -1.00845742],[ 0.8995114   0.03844409 -1.10447681]
4.759543900000001,[-0.92475724  0.26146287 -1.00845051],[ 0.90081292  0.03854351 -1.10422146]
4.768039399999999,[-0.92347974  0.26134273 -1.00876749],[ 0.902031    0.0386651  -1.10394526]
4.777298099999999,[-0.92183185  0.26158527 -1.00868273],[ 0.9039048   0.03881432 -1.10356426]
4.785863499999998,[-0.92055541  0.2615273  -1.00881827],[ 0.90512174  0.03884352 -1.10329628]
4.793995799999998,[-0.91931778  0.26155242 -1.00889039],[ 0.90636277  0.03894678 -1.10306096]
4.802841299999997,[-0.91813403  0.26162145 -1.00889981],[ 0.90762562  0.03903573 -1.10282135]
4.810617799999999,[-0.91677755  0.26147503 -1.00922894],[ 0.90879607  0.03911028 -1.10260844]
4.8208687999999995,[-0.91558897  0.2615743  -1.0091629 ],[ 0.91005802  0.03917965 -1.10239339]
4.831088999999999,[-0.91369206  0.26157781 -1.00928259],[ 0.91190195  0.03926715 -1.10208619]
4.8412068999999995,[-0.91243756  0.26165551 -1.00931215],[ 0.91311282  0.03931215 -1.10189414]
4.8529406,[-0.91045308  0.26154909 -1.00950503],[ 0.91471153  0.03916469 -1.10176039]
4.860686099999999,[-0.909235    0.26159742 -1.00949216],[ 0.9161008   0.03949587 -1.1014421 ]
4.869128999999997,[-0.90780479  0.26139423 -1.00978804],[ 0.91730672  0.03950296 -1.10126472]
4.877421099999999,[-0.90656674  0.26139575 -1.00975776],[ 0.91833061  0.03937783 -1.10112786]
4.887000399999998,[-0.9052763   0.26132777 -1.00985515],[ 0.91928965  0.03903801 -1.10115027]
4.897067699999997,[-0.90401268  0.26136175 -1.00982594],[ 0.92040008  0.03905911 -1.10103405]
4.906976999999998,[-0.90199912  0.26124141 -1.00995493],[ 0.92237288  0.03947784 -1.10057914]
4.9148144999999985,[-0.90055376  0.2610403  -1.01028693],[ 0.92331886  0.03912058 -1.10056841]
4.923546899999998,[-0.89921439  0.26096284 -1.01043892],[ 0.92442304  0.0391082  -1.10044539]
4.9323789,[-0.89796013  0.26102033 -1.01037502],[ 0.92559224  0.03915006 -1.10031712]
4.941392499999999,[-0.89665312  0.26107505 -1.01041687],[ 0.9267531   0.0392126  -1.10017204]
4.950798599999999,[-0.89522779  0.26089093 -1.01076508],[ 0.92787611  0.03921695 -1.10006046]
4.961146100000001,[-0.89322114  0.2608909  -1.01093924],[ 0.92955869  0.0391884  -1.09989834]
4.972749099999998,[-0.8913151   0.26108572 -1.01099002],[ 0.93124223  0.0391207  -1.09967744]
4.986250299999998,[-0.88933617  0.26110858 -1.01123214],[ 0.93290615  0.03912458 -1.09952784]
4.994623699999998,[-0.88788795  0.26097378 -1.01162004],[ 0.93398196  0.03905993 -1.09941411]
5.003580599999999,[-0.88656354  0.26103798 -1.0118289 ],[ 0.93506473  0.03899916 -1.09929299]
5.012887299999999,[-0.88530874  0.26116312 -1.01191342],[ 0.93620992  0.03906607 -1.09923816]
5.0230606999999985,[-0.88337815  0.26131913 -1.01220584],[ 0.93783796  0.03901132 -1.09910238]
5.0322432,[-0.88216054  0.26150891 -1.01233518],[ 0.93889999  0.03895992 -1.09903419]
5.041009599999999,[-0.88078451  0.2614699  -1.0127672 ],[ 0.93999767  0.03894699 -1.09896719]
5.0526208,[-0.87888062  0.26167879 -1.01312697],[ 0.94163465  0.03889706 -1.09881568]
5.061881499999998,[-0.87763739  0.26177847 -1.01337779],[ 0.94276321  0.03884304 -1.09872973]
5.069073599999999,[-0.87644452  0.26191953 -1.01361942],[ 0.94385964  0.03882318 -1.09866548]
5.077366099999999,[-0.87531352  0.26222578 -1.0136559 ],[ 0.94542187  0.03946356 -1.0988543 ]
5.085825199999999,[-0.87397718  0.26222786 -1.01411736],[ 0.9462589   0.03910071 -1.09876621]
5.097089399999998,[-0.87282538  0.26244941 -1.01424718],[ 0.94713134  0.03866136 -1.09847879]
5.106635900000001,[-0.87097436  0.26265389 -1.01464415],[ 0.94932204  0.0392604  -1.0987128 ]
5.116003899999999,[-0.86984181  0.26287284 -1.01479733],[ 0.95043159  0.03925201 -1.09866488]
5.1261735,[-0.8685286   0.26283705 -1.01526403],[ 0.9515698   0.03917568 -1.0986594 ]
5.1359362,[-0.86672312  0.26308155 -1.01569331],[ 0.95329601  0.03911978 -1.09858131]
5.147807999999998,[-0.86498511  0.26333034 -1.01606929],[ 0.95497447  0.0389827  -1.09855354]
5.156731399999998,[-0.86384839  0.26355311 -1.01626015],[ 0.95613575  0.0389679  -1.09852064]
5.1647462,[-0.86271024  0.26393032 -1.0163455 ],[ 0.95728081  0.03894631 -1.09852409]
5.174437899999997,[-0.86142969  0.26394692 -1.01676059],[ 0.95839453  0.03885392 -1.09849834]
5.185805299999998,[-0.85972667  0.26407102 -1.01743937],[ 0.96009856  0.03871955 -1.09844768]
5.194991599999998,[-0.85860538  0.26422063 -1.01775491],[ 0.9612034   0.03864709 -1.09841335]
5.2054089999999995,[-0.8574664   0.2643607  -1.01804268],[ 0.96234256  0.03863163 -1.09841597]
5.215994599999998,[-0.85574955  0.26455346 -1.01845944],[ 0.96400285  0.03855953 -1.0983752 ]
5.223972,[-0.85471046  0.26476339 -1.01858556],[ 0.96510595  0.03849417 -1.09835136]
5.232237599999998,[-0.85352045  0.26474896 -1.01908493],[ 0.96624345  0.0384641  -1.09836066]
5.2419689,[-0.85249114  0.2649627  -1.01915562],[ 0.96737206  0.0383736  -1.09835172]
5.2513966,[-0.85134298  0.26489833 -1.01966465],[ 0.96847987  0.03835557 -1.09835005]
5.2616333,[-0.84976882  0.26499474 -1.02008486],[ 0.97013539  0.03829569 -1.09839809]
5.2699462,[-0.8487249   0.26501387 -1.02039421],[ 0.97126311  0.03829673 -1.09841275]
5.278006699999999,[-0.84770364  0.26506117 -1.02068985],[ 0.9723748   0.038286   -1.09841573]
5.286766699999998,[-0.84684592  0.2654559  -1.0206418 ],[ 0.97349948  0.03823384 -1.09842515]
5.296729899999999,[-0.84571171  0.26497063 -1.02130628],[ 0.97458833  0.03821909 -1.09844172]
5.310339899999999,[-0.84397745  0.26516217 -1.02162981],[ 0.97675937  0.03813088 -1.09844315]
5.318001199999998,[-0.84339947  0.26473662 -1.02200639],[ 0.9773289   0.03810367 -1.09845674]
5.329167099999999,[-0.84202003  0.26428899 -1.02271557],[ 0.97901648  0.03810682 -1.09847796]
5.337348499999997,[-0.8411622   0.26404414 -1.02305007],[ 0.98014963  0.03804724 -1.09851384]
5.3456379,[-0.8405121   0.26421362 -1.02294385],[ 0.98126781  0.03808893 -1.09855187]
5.3541039999999995,[-0.8396309  0.2635603 -1.0234679],[ 0.98239273  0.03805305 -1.09858644]
5.361302299999998,[-0.83878893  0.2630536  -1.02406788],[ 0.98354632  0.0380633  -1.09864128]
5.3692329,[-0.8380028   0.26273119 -1.02436161],[ 0.9847154   0.03803415 -1.09863245]
5.377330399999998,[-0.83726341  0.26245037 -1.02466297],[ 0.98586929  0.03798466 -1.0986861 ]
5.386415899999999,[-0.83650237  0.26210213 -1.02502084],[ 0.98702782  0.03801494 -1.09873176]
5.393905399999998,[-0.83578163  0.26189485 -1.0253005 ],[ 0.98817694  0.03800291 -1.09877396]
5.402172799999999,[-0.83509618  0.26186329 -1.02528906],[ 0.98931348  0.03799578 -1.09878266]
5.410561099999999,[-0.83423877  0.26151019 -1.02592158],[ 0.99049747  0.03799469 -1.09879243]
5.4207958000000005,[-0.83352059  0.26141468 -1.0261991 ],[ 0.99168134  0.03794277 -1.09880519]
5.4307428999999985,[-0.83282727  0.26134744 -1.02645683],[ 0.99286634  0.03795908 -1.09881532]
5.440453599999998,[-0.83159083  0.26139599 -1.02653706],[ 0.99463838  0.03798461 -1.09886611]
5.449477899999998,[-0.83111519  0.26106513 -1.02718568],[ 0.99585593  0.03803658 -1.09892571]
5.460330199999998,[-0.83040279  0.26091081 -1.02744722],[ 0.99763834  0.03802725 -1.09896588]
5.468720899999997,[-0.82986945  0.26072484 -1.02765357],[ 0.99882734  0.03804125 -1.09888542]
5.477984599999999,[-0.82958525  0.26112589 -1.02743888],[ 1.00002611  0.03804942 -1.09891725]
5.4864402000000005,[-0.82896197  0.26032779 -1.02800083],[ 1.00122643  0.03814077 -1.09903872]
5.494150699999999,[-0.82851344  0.26004103 -1.02834451],[ 1.00243294  0.03820884 -1.09907103]
5.5065074,[-0.82800817  0.25948745 -1.02863133],[ 1.00424147  0.03820542 -1.09898376]
5.5147501000000005,[-0.82769436  0.25916153 -1.02880323],[ 1.0054841   0.03831843 -1.09910381]
5.5237525000000005,[-0.82742083  0.25885603 -1.02898753],[ 1.00667393  0.03834042 -1.09910583]
5.532270499999999,[-0.82714111  0.2585173  -1.02918243],[ 1.00784802  0.03837745 -1.09903443]
5.542953799999999,[-0.82691079  0.25820634 -1.02937782],[ 1.00901616  0.03847954 -1.09902728]
5.550754099999999,[-0.82671529  0.25788769 -1.02950513],[ 1.01018071  0.03851668 -1.09903824]
5.560188699999998,[-0.82644659  0.25739694 -1.02971148],[ 1.01187956  0.03852438 -1.09900987]
5.570830399999998,[-0.82628173  0.25706512 -1.02982199],[ 1.01302063  0.03861633 -1.0990293 ]
5.5802978,[-0.82610983  0.25672129 -1.02991152],[ 1.01418936  0.03869092 -1.09904206]
5.589747299999999,[-0.82598752  0.25644666 -1.02965295],[ 1.01584291  0.03881156 -1.09903812]
5.599847499999999,[-0.82584804  0.25585192 -1.03015828],[ 1.01699281  0.0390003  -1.0991019 ]
5.6116359,[-0.82581854  0.25522572 -1.03035355],[ 1.01865149  0.03907963 -1.09914958]
5.621923599999999,[-0.82586247  0.25477162 -1.03047371],[ 1.01973844  0.03912619 -1.09915197]
5.631165599999999,[-0.82594556  0.25399503 -1.03063381],[ 1.02134717  0.03915008 -1.09911346]
5.6386553999999975,[-0.82624215  0.25438392 -1.03031886],[ 1.02189684  0.03916989 -1.09912241]
5.647831699999998,[-0.82614279  0.25287768 -1.03093708],[ 1.02346981  0.03928608 -1.09915149]
5.655446899999998,[-0.82618111  0.25265184 -1.03115368],[ 1.02398944  0.0392897  -1.09914076]
5.665119499999999,[-0.82639146  0.25182581 -1.03132486],[ 1.02555835  0.0394027  -1.09908867]
5.673326199999998,[-0.82668298  0.25130087 -1.03093863],[ 1.02653027  0.03940329 -1.0990802 ]
5.684154299999999,[-0.8267743   0.25075772 -1.03134143],[ 1.02752066  0.03946297 -1.09909046]
5.694315199999998,[-0.82701486  0.25007495 -1.03141928],[ 1.02898049  0.03947596 -1.09904909]
5.703113299999998,[-0.82710856  0.24967514 -1.03166974],[ 1.02990711  0.03947022 -1.09898686]
5.7145653,[-0.82733536  0.24901307 -1.03175557],[ 1.03127551  0.03949994 -1.09894872]
5.7232541999999995,[-0.82752866  0.24858433 -1.03182518],[ 1.03214025  0.03958765 -1.09895229]
5.7321189,[-0.82775038  0.24812922 -1.03190517],[ 1.03294647  0.03955189 -1.09888768]
5.741288299999997,[-0.8279435   0.24767086 -1.03200901],[ 1.03375065  0.03953075 -1.09882641]
5.750342199999999,[-0.8282212   0.24719849 -1.03208101],[ 1.03454876  0.03946412 -1.09877801]
5.759547699999999,[-0.82836229  0.24677145 -1.03228104],[ 1.0352782   0.03935661 -1.0987159 ]
5.7677198999999995,[-0.82858056  0.24629419 -1.03235936],[ 1.03597486  0.03923295 -1.0986563 ]
5.7772693,[-0.82889026  0.24559563 -1.0325247 ],[ 1.03696883  0.03905857 -1.09854639]
5.785469799999998,[-0.82914329  0.24511234 -1.03256333],[ 1.03761005  0.03895671 -1.0984962 ]
5.793870999999999,[-0.82919693  0.24476442 -1.0327177 ],[ 1.03820884  0.03879668 -1.09844184]
5.803421399999998,[-0.82935292  0.2443639  -1.03278124],[ 1.03873205  0.03861172 -1.0983814 ]
5.810594699999999,[-0.82949287  0.24400572 -1.03287888],[ 1.03925729  0.03840959 -1.09830737]
5.8198609999999995,[-0.82961643  0.24367502 -1.03299999],[ 1.0397532   0.03811549 -1.09827471]
5.828987099999999,[-0.82974172  0.24336945 -1.03311825],[ 1.04019868  0.03784107 -1.09821534]
5.837009499999997,[-0.82988787  0.24309263 -1.03326023],[ 1.04061258  0.03756621 -1.09815872]
5.846046699999999,[-0.83003455  0.24283418 -1.03338516],[ 1.04104018  0.03727892 -1.0981108 ]
5.857173199999998,[-0.83028227  0.24250993 -1.03358948],[ 1.04159141  0.03680125 -1.09802711]
5.865891699999999,[-0.83042431  0.24232322 -1.03371191],[ 1.04188859  0.03643608 -1.09797394]
5.873823899999998,[-0.83057624  0.24212064 -1.03381586],[ 1.04216945  0.03603855 -1.09791148]
5.883012099999998,[-0.83073896  0.24191917 -1.03390098],[ 1.0424428   0.03558256 -1.09784937]
5.892341699999999,[-0.83110058  0.24161547 -1.03387618],[ 1.04267454  0.03512834 -1.09779787]
5.9023881,[-0.83109671  0.24142775 -1.03408611],[ 1.04296637  0.03448426 -1.09772348]
5.915137999999999,[-0.83135784  0.24110441 -1.03410971],[ 1.04323065  0.03381163 -1.0976553 ]
5.923085699999998,[-0.83148873  0.24094009 -1.03414214],[ 1.04337609  0.03332485 -1.09759116]
5.932435399999999,[-0.83162796  0.2407971  -1.03418374],[ 1.04348052  0.03279007 -1.09752047]
5.941681799999998,[-0.83178383  0.24065341 -1.0342257 ],[ 1.04357696  0.03226612 -1.09743047]
5.9500016,[-0.83194256  0.24053046 -1.03424728],[ 1.04366672  0.03176093 -1.09734368]
5.959519399999998,[-0.83210731  0.24041393 -1.03427815],[ 1.04374671  0.03121059 -1.09725201]
5.969354299999999,[-0.83249944  0.24019441 -1.0342778 ],[ 1.04380965  0.03039695 -1.09712529]
5.979485,[-0.83259809  0.24012052 -1.03439271],[ 1.04381847  0.02984969 -1.0970422 ]
5.990059799999997,[-0.83294427  0.23992266 -1.03438556],[ 1.04378688  0.02887416 -1.0968821 ]
5.998194899999998,[-0.83314818  0.23982124 -1.03438854],[ 1.04378688  0.02837372 -1.09680009]
6.0076174999999985,[-0.8333317   0.2396986  -1.03439271],[ 1.04376447  0.02785346 -1.09672213]
6.016754299999999,[-0.83350402  0.23957948 -1.0343833 ],[ 1.0437125   0.0272408  -1.09658325]
6.024284099999999,[-0.83369529  0.23949258 -1.03437304],[ 1.04365611  0.02664037 -1.09647846]
6.034705799999998,[-0.83390707  0.23941708 -1.03438675],[ 1.04358125  0.02603262 -1.09637213]
6.044117999999997,[-0.83423209  0.2393768  -1.03440964],[ 1.04349196  0.02522023 -1.09623146]
6.0539609,[-0.83444726  0.2393516  -1.03441894],[ 1.04341507  0.0247738  -1.09610736]
6.063147699999998,[-0.83471274  0.23932621 -1.0343858 ],[ 1.04333258  0.02423238 -1.09598351]
6.0728644,[-0.83504081  0.23931757 -1.03440917],[ 1.04318082  0.02334461 -1.09574986]
6.081890999999999,[-0.83527696  0.23929025 -1.0344249 ],[ 1.04309523  0.02276478 -1.09560966]
6.0899131,[-0.83552217  0.23924688 -1.03445041],[ 1.04299045  0.02220139 -1.09546733]
6.097719999999999,[-0.83579594  0.23921643 -1.03450465],[ 1.04285836  0.02147827 -1.09530973]
6.106775599999999,[-0.83617568  0.2391434  -1.03446841],[ 1.04273844  0.02092989 -1.09518385]
6.114722099999998,[-0.83630556  0.23921117 -1.03461027],[ 1.04261649  0.02036512 -1.09502327]
6.122967599999999,[-0.83659565  0.23916356 -1.03461492],[ 1.04250276  0.01974458 -1.09488118]
6.133295399999998,[-0.83685786  0.23916502 -1.03462946],[ 1.04239488  0.01912084 -1.0947305 ]
6.1456667,[-0.83718693  0.23916592 -1.03469062],[ 1.0422405   0.01825747 -1.09452677]
6.153278199999999,[-0.83743578  0.23915891 -1.03472161],[ 1.0421561   0.01769928 -1.09439826]
6.160679999999999,[-0.83768731  0.23915194 -1.03475785],[ 1.04202008  0.01704491 -1.09422553]
6.169174899999998,[-0.83804858  0.23910384 -1.03470099],[ 1.04191506  0.01651637 -1.0941025 ]
6.1772986,[-0.83814418  0.23916747 -1.03486037],[ 1.04177654  0.01598821 -1.09389389]
6.186603699999999,[-0.83841884  0.23912483 -1.03485489],[ 1.0416261   0.01525722 -1.09372842]
6.193911199999999,[-0.83867407  0.2391106  -1.03488171],[ 1.04150748  0.01468955 -1.09358859]
6.202327799999999,[-0.83889872  0.23911451 -1.03493845],[ 1.04137528  0.01412457 -1.09343731]
6.2106566,[-0.83911312  0.23909059 -1.03499258],[ 1.04121995  0.01349467 -1.0932529 ]
6.219404099999998,[-0.83932406  0.23905636 -1.03502548],[ 1.04109395  0.01288805 -1.0931083 ]
6.228926699999999,[-0.83952653  0.23900513 -1.03505588],[ 1.04097879  0.01231966 -1.09298956]
6.238463499999998,[-0.83997792  0.23884198 -1.03495383],[ 1.0408653   0.01176758 -1.09288168]
6.248439699999999,[-0.83996558  0.23890603 -1.03517735],[ 1.0406754   0.01093405 -1.09272671]
6.259225499999999,[-0.84017396  0.2388272  -1.03518212],[ 1.04053044  0.01034718 -1.09260559]
6.269170799999998,[-0.8404845   0.23871489 -1.03521836],[ 1.04029274  0.00955173 -1.09261405]
6.281127299999998,[-0.84071755  0.23861971 -1.0352937 ],[ 1.04011905  0.00865017 -1.09231281]
6.290432899999999,[-0.84089589  0.23854743 -1.03531969],[ 1.04002833  0.00814767 -1.09224069]
6.2978834,[-0.84109694  0.23848525 -1.03537095],[ 1.03990257  0.00762244 -1.09221423]
6.3065295999999975,[-0.84137577  0.23836268 -1.03533912],[ 1.03975832  0.00713719 -1.09223866]
6.313776599999997,[-0.84134686  0.23840091 -1.03547847],[ 1.03970242  0.00689381 -1.09222007]
6.322896499999999,[-0.84158558  0.23832399 -1.03554761],[ 1.03945196  0.00606768 -1.09207273]
6.331432899999999,[-0.84164375  0.23858507 -1.03570223],[ 1.03939641  0.00556736 -1.09188032]
6.339809199999998,[-0.84206051  0.23901993 -1.03598416],[ 1.03930199  0.00508119 -1.09182632]
6.3478803,[-0.84210277  0.23881827 -1.03592074],[ 1.03919315  0.00462075 -1.09175658]
6.3570344,[-0.8421635   0.23864095 -1.03585279],[ 1.03906     0.00422157 -1.0918529 ]
6.365196999999998,[-0.84222931  0.23845622 -1.03580034],[ 1.03888428  0.00373089 -1.09178674]
6.373639999999998,[-0.84234875  0.2383007  -1.03577411],[ 1.0387789   0.00332859 -1.09176385]
6.383095999999998,[-0.84250963  0.23813997 -1.03573728],[ 1.03872275  0.00296186 -1.091694  ]
6.393892299999997,[-0.84269547  0.23794316 -1.03569996],[ 1.03855431  0.00229126 -1.09160125]
6.402316599999999,[-0.84283775  0.2378502  -1.03567791],[ 1.03844261  0.00186783 -1.09158814]
6.4105594,[-0.84298909  0.23776947 -1.03566229],[ 1.03838146  0.00156553 -1.09168148]
6.421297499999998,[-0.84314281  0.23770587 -1.03565097],[ 1.03831172  0.0012317  -1.09166121]
6.431191500000001,[-0.84334981  0.23766832 -1.03561342],[ 1.03813863e+00  6.83609280e-04 -1.09165037e+00]
6.439796099999999,[-0.84349525  0.23763341 -1.03556848],[ 1.03807425e+00  3.86929372e-04 -1.09166825e+00]
6.448094699999999,[-0.84361851  0.23760286 -1.03553331],[ 1.03800523e+00  6.75776973e-05 -1.09167445e+00]
6.457381899999998,[-0.8437413   0.2375731  -1.03549707],[ 1.03792894e+00 -2.67279102e-04 -1.09168303e+00]
6.466204699999999,[-0.84385008  0.23753019 -1.03544188],[ 1.03778279e+00 -7.63643067e-04 -1.09161139e+00]
6.474814899999998,[-0.8439306   0.23748691 -1.03537261],[ 1.03770983e+00 -9.64923529e-04 -1.09171629e+00]
6.482809499999998,[-0.84434175  0.23778667 -1.03509021],[ 1.037642   -0.00122089 -1.09175456]
6.491531799999997,[-0.84424222  0.23746678 -1.03514504],[ 1.0375402  -0.00147368 -1.09178591]
6.500440899999997,[-0.84417295  0.23730645 -1.03527236],[ 1.037444   -0.00171312 -1.09182417]
6.510474799999997,[-0.84432119  0.23723315 -1.03518975],[ 1.03730965 -0.00204892 -1.09188652]
6.518868399999999,[-0.84439671  0.23717657 -1.03514898],[ 1.03721702 -0.00225969 -1.09191489]
6.5272802,[-0.8444795   0.23713294 -1.03510749],[ 1.0371114  -0.00250619 -1.09194279]
6.5347829,[-0.8445152   0.23710789 -1.03508031],[ 1.03708065 -0.00259424 -1.09197652]
6.5439857,[-0.8446281   0.23704946 -1.03501856],[ 1.03699899 -0.00282923 -1.09205353]
6.552170099999998,[-0.84470594  0.23700288 -1.03496552],[ 1.03690839 -0.00301512 -1.0921154 ]
6.562710599999999,[-0.84478503  0.23694426 -1.0349313 ],[ 1.03685892 -0.00313078 -1.09218514]
6.570658999999999,[-0.84486431  0.23687141 -1.03489757],[ 1.03680396 -0.00322532 -1.09226632]
6.5780542,[-0.84494418  0.23678844 -1.034868  ],[ 1.03674829 -0.00333739 -1.09234679]
6.585837699999999,[-0.84502733  0.23669828 -1.03484392],[ 1.03671336 -0.00342084 -1.09241617]
6.594050499999998,[-0.84511828  0.23658378 -1.03481817],[ 1.03667676 -0.00350408 -1.09247935]
6.603210499999999,[-0.84520847  0.23647442 -1.0347842 ],[ 1.03664124 -0.0035906  -1.09254634]
6.610675999999998,[-0.84563887  0.23676336 -1.03450584],[ 1.0365988  -0.00365117 -1.09262872]
6.619933699999997,[-0.84573209  0.23666905 -1.03448641],[ 1.03654993 -0.00370669 -1.09269536]
6.6274196,[-0.84548938  0.23619917 -1.03470421],[ 1.03649735 -0.00375966 -1.09275711]
6.6358566,[-0.84553951  0.2360658  -1.03469527],[ 1.03644156 -0.00380818 -1.09281206]
6.681701799999999,[-0.84596539  0.23565944 -1.03446901],[ 1.0362134  -0.00387109 -1.0930984 ]
6.690452399999998,[-0.84603441  0.23562106 -1.03443277],[ 1.03616714 -0.00385621 -1.09315062]
6.6979755999999995,[-0.84610039  0.23556614 -1.03438306],[ 1.0361197  -0.00382774 -1.09320033]
6.706532199999998,[-0.84616965  0.23552005 -1.0343256 ],[ 1.03607929 -0.0037959  -1.09325111]
6.7154859999999985,[-0.84623539  0.23546411 -1.03427899],[ 1.03601599 -0.00376857 -1.0932982 ]
6.726245899999999,[-0.84630311  0.2354369  -1.03422165],[ 1.0359571  -0.00373137 -1.09334087]
6.7344945,[-0.84636366  0.23541026 -1.03416359],[ 1.03590119 -0.00370114 -1.09337604]
6.742850299999997,[-0.84642398  0.23537394 -1.03409517],[ 1.03583956 -0.00365667 -1.09341192]
6.7522072999999985,[-0.84652489  0.2353597  -1.03397512],[ 1.03574991 -0.00355705 -1.09347451]
6.761761799999999,[-0.84657991  0.23536848 -1.03390181],[ 1.0357095  -0.0034984  -1.09351003]
6.770109399999999,[-0.84662759  0.23538543 -1.03383195],[ 1.03565907 -0.00342701 -1.09355116]
6.777908199999999,[-0.84667677  0.23541017 -1.03374791],[ 1.03560936 -0.00334898 -1.09358144]
6.7898676999999985,[-0.846753    0.23545018 -1.03361404],[ 1.03551459 -0.00323334 -1.09361506]
6.798021499999997,[-0.84680134  0.23549084 -1.03353512],[ 1.03542531 -0.00314914 -1.0936352 ]
6.806481699999999,[-0.84686607  0.23552369 -1.03344011],[ 1.03535497 -0.00306695 -1.09363925]
6.814958299999997,[-0.84691483  0.23552875 -1.03335285],[ 1.03527927 -0.0029699  -1.09365773]
6.8243535999999985,[-0.84697223  0.23554969 -1.03326452],[ 1.03520417 -0.0028817  -1.09366846]
6.832256099999999,[-0.84703177  0.23556125 -1.03317487],[ 1.03512299 -0.0027923  -1.09366965]
6.8398343,[-0.84708661  0.23558632 -1.03309059],[ 1.03505635 -0.00271242 -1.09367573]
6.8497114,[-0.84712434  0.235606   -1.03300452],[ 1.03499806 -0.00262502 -1.0936749 ]
6.859003899999998,[-0.8471629   0.23563482 -1.03291261],[ 1.03493583 -0.00253839 -1.09366596]
6.8689231,[-0.84720689  0.23570779 -1.03277552],[ 1.03483295 -0.00237983 -1.09366262]
6.877558999999998,[-0.84724927  0.23579812 -1.03267276],[ 1.03475654 -0.00227665 -1.09366596]
6.8865283999999996,[-0.84728175  0.23586684 -1.03256452],[ 1.0346787  -0.00215068 -1.0936693 ]
6.896287299999997,[-0.84730732  0.23593949 -1.03245068],[ 1.03461719 -0.00204704 -1.0936681 ]
6.903931,[-0.84735364  0.23599066 -1.0323416 ],[ 1.03455257 -0.00195622 -1.0936656 ]
6.9137208,[-0.84739661  0.23609033 -1.03223908],[ 1.03448784 -0.00186063 -1.09365463]
6.923254799999999,[-0.84747475  0.23624206 -1.03207076],[ 1.0343858  -0.00172498 -1.09364641]
6.9316062999999986,[-0.84753162  0.23635964 -1.03195345],[ 1.03432763 -0.00164265 -1.09363866]
6.940233199999998,[-0.8475967   0.23648988 -1.03183794],[ 1.0342685  -0.00155642 -1.09364426]
6.9496348999999995,[-0.84764272  0.23664853 -1.03172421],[ 1.03420568 -0.00146775 -1.09365749]
6.958660599999998,[-0.84768987  0.23685436 -1.03162348],[ 1.0341413  -0.00143618 -1.09357202]
6.9668694,[-0.84772098  0.23709421 -1.03149343],[ 1.03410554 -0.001298   -1.09367478]
6.975803299999999,[-0.84775323  0.2373752  -1.03135574],[ 1.03406656 -0.00122652 -1.09369659]
6.984157099999997,[-0.84778136  0.23773623 -1.03122294],[ 1.03401637 -0.00118276 -1.09370434]
6.9924447,[-0.84780711  0.23817524 -1.03106022],[ 1.03397024 -0.00112692 -1.09371746]
7.0010093,[-0.84780627  0.23870867 -1.03088224],[ 1.03389025 -0.00112778 -1.09373736]
7.010619800000001,[-0.84783536  0.23960209 -1.03062844],[ 1.03383315e+00 -1.02694076e-03 -1.09377038e+00]
7.019381599999999,[-0.84788203  0.2402954  -1.03041124],[ 1.03380084e+00 -9.60564939e-04 -1.09379578e+00]
7.028260899999999,[-0.84791279  0.2410634  -1.03020954],[ 1.03375602e+00 -9.01912339e-04 -1.09382629e+00]
7.036804699999998,[-0.84794152  0.24186912 -1.02999854],[ 1.03373539e+00 -8.53881007e-04 -1.09385204e+00]
7.047985199999999,[-0.84798151  0.24315248 -1.02967429],[ 1.03369796e+00 -8.07403820e-04 -1.09390223e+00]
7.0578681,[-0.8479647   0.24407057 -1.02944028],[ 1.03371501e+00 -7.22894212e-04 -1.09394169e+00]
7.0660256,[-0.84797382  0.24500202 -1.02920282],[ 1.03369570e+00 -6.66610664e-04 -1.09400618e+00]
7.0748721,[-0.84795403  0.24601784 -1.02894759],[ 1.03372073e+00 -5.63348411e-04 -1.09407496e+00]
7.0822751,[-0.84791934  0.2470779  -1.02871001],[ 1.03371072e+00 -4.87392070e-04 -1.09415162e+00]
7.090842199999997,[-0.84789103  0.24813443 -1.02843368],[ 1.03371453e+00 -3.95833049e-04 -1.09422553e+00]
7.098151299999998,[-0.84784323  0.24926801 -1.02811933],[ 1.03371060e+00 -3.32281226e-04 -1.09430981e+00]
7.1063045,[-0.8478505   0.25043339 -1.02785134],[ 1.03370786e+00 -2.60264613e-04 -1.09439456e+00]
7.1158471999999975,[-0.84782553  0.25166833 -1.02754664],[ 1.03370905e+00 -1.85278011e-04 -1.09448540e+00]
7.126260899999998,[-0.8478502   0.25289953 -1.02726924],[ 1.03369832e+00 -9.08093061e-05 -1.09457624e+00]
7.1357009,[-0.84792805  0.25485539 -1.02683794],[ 1.03368282e+00  5.90737909e-05 -1.09471250e+00]
7.143973899999999,[-0.84799695  0.25621501 -1.02652776],[ 1.03366840e+00  1.76711474e-04 -1.09479570e+00]
7.152950099999998,[-0.84814352  0.25761023 -1.02623582],[ 1.03365541e+00  2.73999991e-04 -1.09486628e+00]
7.1613352999999975,[-0.84835237  0.25902763 -1.02591765],[ 1.03362393e+00  3.53615033e-04 -1.09493244e+00]
7.169218299999997,[-0.84857726  0.26049897 -1.02559185],[ 1.03360283e+00  4.09528380e-04 -1.09498322e+00]
7.1772798999999985,[-0.8488605   0.26198301 -1.02525663],[ 1.03357482e+00  4.54287278e-04 -1.09503198e+00]
7.186803699999999,[-0.8492704   0.2634986  -1.02492702],[ 1.03354013e+00  5.07939840e-04 -1.09508157e+00]
7.197838299999997,[-0.84991157  0.265845   -1.02444494],[ 1.03348005e+00  6.00853469e-04 -1.09514546e+00]
7.2060371,[-0.85037428  0.2674017  -1.02400613],[ 1.03344047e+00  6.50572358e-04 -1.09519064e+00]
7.2148723,[-0.85092622  0.26898289 -1.023615  ],[ 1.03340971e+00  7.07546715e-04 -1.09522796e+00]
7.222072299999997,[-0.85122716  0.26980796 -1.02340603],[ 1.03340089e+00  7.34455884e-04 -1.09524357e+00]
7.231886799999998,[-0.85219592  0.27238166 -1.02290082],[ 1.03333426e+00  8.01678747e-04 -1.09529436e+00]
7.240472499999999,[-0.85294312  0.2741175  -1.02248728],[ 1.03326905e+00  8.46928684e-04 -1.09530926e+00]
7.249167,[-0.85373014  0.27576005 -1.02200282],[ 1.03320205e+00  8.86947149e-04 -1.09532225e+00]
7.2572282,[-0.85460114  0.27747902 -1.02154541],[ 1.03313649e+00  9.48658213e-04 -1.09533644e+00]
7.265549699999998,[-0.85552114  0.27919376 -1.02110052],[ 1.03305495e+00  1.02071138e-03 -1.09535062e+00]
7.273197399999997,[-0.85652703  0.28090841 -1.02064729],[ 1.03297544e+00  1.07218022e-03 -1.09536445e+00]
7.281428099999999,[-0.85758787  0.28260899 -1.02020574],[ 1.03289688  0.00112567 -1.09537959]
7.2913909,[-0.85865945  0.28428927 -1.01973736],[ 1.03282559  0.00117611 -1.09539533]
7.3010205,[-0.85980541  0.28597301 -1.01929247],[ 1.03276443  0.00122299 -1.09542465]
7.311027199999998,[-0.86158687  0.28839681 -1.01860726],[ 1.03264439  0.00128649 -1.09546912]
7.319215,[-0.86284113  0.29002368 -1.01817799],[ 1.03256881  0.00136261 -1.09551084]
7.327612199999997,[-0.86417812  0.29163173 -1.01774025],[ 1.03249514  0.00147858 -1.09556305]
7.335923099999999,[-0.86553961  0.29326433 -1.0173527 ],[ 1.03242671  0.00159412 -1.0956161 ]
7.344571899999998,[-0.86696082  0.29486325 -1.01697803],[ 1.03232265  0.00169775 -1.09568274]
7.353308999999999,[-0.8684237   0.29644895 -1.01662934],[ 1.03222501  0.00179671 -1.09573627]
7.363222399999998,[-0.86995482  0.29799429 -1.01629019],[ 1.03211689  0.00190365 -1.09578133]
7.373113099999998,[-0.87232953  0.30026734 -1.01578963],[ 1.03193653  0.00206497 -1.09584069]
7.381899499999999,[-0.87396085  0.30171591 -1.01548982],[ 1.03176022  0.00213999 -1.09588754]
7.392292099999999,[-0.87563539  0.30313894 -1.01519465],[ 1.03163469  0.00229927 -1.09592199]
7.402598399999999,[-0.87821895  0.30516058 -1.01478958],[ 1.03145289  0.00257445 -1.0959878 ]
7.4129439999999995,[-0.88000494  0.30641913 -1.01454079],[ 1.03131163  0.00272885 -1.09603024]
7.4252877999999995,[-0.88272941  0.30820975 -1.01417422],[ 1.03113854  0.00301214 -1.0961107 ]
7.435434299999997,[-0.88556153  0.3098619  -1.01385152],[ 1.03087652  0.00322845 -1.09615958]
7.443764399999999,[-0.88751549  0.31087014 -1.01368248],[ 1.03068364  0.00339964 -1.09620416]
7.451507100000001,[-0.88851327  0.31136262 -1.01361918],[ 1.03059363  0.00347482 -1.09622514]
7.461358199999999,[-0.89156616  0.31280893 -1.01352382],[ 1.03029251  0.00377909 -1.09630048]
7.4699068,[-0.89366961  0.31371403 -1.01345253],[ 1.03007209  0.00399931 -1.0963465 ]
7.478837799999997,[-0.89597011  0.31457594 -1.01336527],[ 1.02984095  0.00421347 -1.09641612]
7.486527599999999,[-0.89821982  0.31541392 -1.01337314],[ 1.02962267  0.00439487 -1.09647119]
7.4948803999999996,[-0.90052009  0.31622419 -1.01339996],[ 1.0293833   0.00458577 -1.09653234]
7.502426999999997,[-0.90286672  0.31695667 -1.01346731],[ 1.02909613  0.00478674 -1.09660304]
7.512992399999998,[-0.90525639  0.31762275 -1.01354396],[ 1.02878702  0.00498894 -1.09667897]
7.5228921,[-0.90895027  0.31841689 -1.01374698],[ 1.02824581  0.00532671 -1.09678161]
7.5305766,[-0.9102115   0.31862867 -1.01379776],[ 1.02807176  0.00547696 -1.09683645]
7.539610999999997,[-0.91399062  0.31899357 -1.0140543 ],[ 1.02752078  0.00592398 -1.09698975]
7.5478895,[-0.91655052  0.31912678 -1.01422596],[ 1.02711964  0.00626184 -1.09710777]
7.5579906,[-0.91913897  0.31887195 -1.01443601],[ 1.02666581  0.0065584  -1.0971998 ]
7.565574699999999,[-0.92174268  0.31900483 -1.01463449],[ 1.02619457  0.00687244 -1.09728217]
7.573820299999998,[-0.92435944  0.31902304 -1.01490784],[ 1.02562022  0.00714152 -1.09732366]
7.581780199999997,[-0.92699319  0.31896996 -1.01521826],[ 1.02505469  0.00753499 -1.09745705]
7.5897328,[-0.92961848  0.3188805  -1.01556158],[ 1.02446604  0.0079461  -1.09754133]
7.598754199999998,[-0.9322446   0.31880257 -1.01594937],[ 1.02381563  0.00837392 -1.09760594]
7.608835299999999,[-0.93484622  0.31865919 -1.01639652],[ 1.02310455  0.00869641 -1.09757912]
7.619697799999997,[-0.9387213   0.31828138 -1.01711297],[ 1.02200162  0.00934857 -1.09766293]
7.629573799999999,[-0.94128442  0.31799224 -1.01761985],[ 1.02122128  0.00980164 -1.09770346]
7.6382543999999974,[-0.94381613  0.31764796 -1.01819134],[ 1.0203445   0.01018605 -1.09771097]
7.646798499999999,[-0.94634771  0.31728476 -1.01876843],[ 1.0194869   0.01061992 -1.09770894]
7.6547032,[-0.94882983  0.31687933 -1.01939487],[ 1.01853538  0.01105106 -1.09770274]
7.663072999999997,[-0.95127308  0.31637722 -1.02003574],[ 1.01759219  0.01160933 -1.09772062]
7.6732692,[-0.95487666  0.31565854 -1.02101839],[ 1.01606011  0.01227083 -1.09767866]
7.6842597999999995,[-0.95723832  0.31510413 -1.02174139],[ 1.01504934  0.01278785 -1.0976584 ]
7.6940472,[-0.96072984  0.31428811 -1.02286267],[ 1.01338971  0.01348217 -1.09767735]
7.703249099999997,[-0.96298832  0.31368527 -1.02362478],[ 1.01220131  0.01396791 -1.09767032]
7.7119085999999974,[-0.96525937  0.3131026  -1.02440429],[ 1.0110333   0.01450328 -1.09768724]
7.720942899999997,[-0.96748823  0.31253192 -1.02524447],[ 1.0097729   0.01497951 -1.09769213]
7.7289849,[-0.96968865  0.31187445 -1.02607596],[ 1.00854182  0.01556711 -1.09767735]
7.737468199999999,[-0.97185504  0.31121075 -1.02693582],[ 1.00719261  0.01608874 -1.09776771]
7.7450361,[-0.97398847  0.31051257 -1.02780306],[ 1.00584567  0.01659058 -1.09777296]
7.753109299999998,[-0.97611129  0.30977002 -1.02866292],[ 1.00451875  0.01721424 -1.09775078]
7.7628804,[-0.97819728  0.30902517 -1.02957177],[ 1.00303352  0.01771278 -1.09785652]
7.771838899999999,[-0.98024946  0.30825484 -1.03045213],[ 1.00155818  0.01823477 -1.09790576]
7.7819042,[-0.9833141   0.30709314 -1.0318681 ],[ 0.99925262  0.01918961 -1.09799838]
7.7907388,[-0.98532259  0.30630484 -1.03278387],[ 0.99762416  0.01974954 -1.09806025]
7.798753299999998,[-0.98730576  0.30552825 -1.03373682],[ 0.9960109   0.02042986 -1.09810841]
7.808791199999998,[-0.98927695  0.30467513 -1.03471637],[ 0.99433249  0.02104062 -1.09807575]
7.8203320000000005,[-0.99214953  0.30337894 -1.0361625 ],[ 0.99163169  0.02187587 -1.09826648]
7.831775699999998,[-0.99496514  0.30213428 -1.03769004],[ 0.98893058  0.02282616 -1.09833777]
7.840741299999998,[-0.99681354  0.30123118 -1.03870273],[ 0.98707134  0.02343532 -1.09840643]
7.851334899999998,[-0.99857694  0.30040562 -1.03970802],[ 0.98513865  0.02408373 -1.09849596]
7.860760299999999,[-1.00121045  0.29918879 -1.04125869],[ 0.9822101   0.02499691 -1.09853709]
7.8687039,[-1.0029043   0.29838887 -1.04229546],[ 0.98018342  0.02556843 -1.09864306]
7.8776203,[-1.00453699  0.29769045 -1.04329574],[ 0.9781217   0.02611735 -1.09876621]
7.8883844,[-1.00623858  0.29681775 -1.04433024],[ 0.97596222  0.02662426 -1.09876406]
7.899032699999999,[-1.00867915  0.29566386 -1.04584491],[ 0.97273344  0.0274404  -1.09889007]
7.9074779,[-1.01021707  0.29500568 -1.04690909],[ 0.97052139  0.02792741 -1.09897792]
7.9148985,[-1.0118196   0.294193   -1.04794788],[ 0.96826649  0.0284515  -1.09920633]
7.9232866999999985,[-1.01334     0.29350591 -1.04894984],[ 0.96612048  0.02911012 -1.09930706]
7.931629599999997,[-1.01491725  0.29272914 -1.05000484],[ 0.96369833  0.02945014 -1.09935462]
7.9420188,[-1.01633811  0.29210752 -1.05103707],[ 0.96140218  0.0299457  -1.09956241]
7.950510699999999,[-1.01788592  0.2913413  -1.05208266],[ 0.95910907  0.03046479 -1.09969556]
7.9605841999999996,[-1.0200063   0.29026175 -1.05375445],[ 0.95550001  0.03108011 -1.09995985]
7.9688786,[-1.02136636  0.28966299 -1.05472326],[ 0.95327425  0.03170666 -1.10025954]
7.977033899999999,[-1.02288401  0.28893995 -1.05582166],[ 0.95088047  0.03217823 -1.10043204]
7.985344299999998,[-1.0242362   0.28839707 -1.05681169],[ 0.94846749  0.03259641 -1.10068238]
7.9929995,[-1.02502787  0.28798941 -1.05736864],[ 0.94726187  0.03278457 -1.10087001]
8.0030878,[-1.02708185  0.28710401 -1.05884683],[ 0.94367981  0.03342769 -1.10123134]
8.014639199999998,[-1.02925885  0.28614795 -1.06039631],[ 0.94007951  0.03398978 -1.10166156]
8.022767899999998,[-1.03075731  0.28560853 -1.06124973],[ 0.93761927  0.03437649 -1.10195458]
8.031483399999999,[-1.03205228  0.28493235 -1.0623132 ],[ 0.93519557  0.03471621 -1.10224831]
8.040558399999998,[-1.03344715  0.2844204  -1.06324315],[ 0.93275535  0.0351175  -1.1026181 ]
8.0491676,[-1.03481424  0.28388858 -1.06421363],[ 0.93032187  0.035413   -1.10300815]
8.0584402,[-1.03619063  0.28340474 -1.0651505 ],[ 0.92789572  0.03581557 -1.1033448 ]
8.066764199999998,[-1.03746676  0.28296262 -1.06598544],[ 0.92545319  0.03611887 -1.10372281]
8.0789942,[-1.03950942  0.28219539 -1.06737351],[ 0.92182946  0.03659987 -1.10434937]
8.088434799999998,[-1.04079485  0.28181913 -1.06817746],[ 0.91940999  0.03690754 -1.10477364]
8.103210099999998,[-1.04343116  0.28100744 -1.06982923],[ 0.91454303  0.03747766 -1.10569215]
8.1135673,[-1.04484999  0.28055087 -1.07067633],[ 0.91217846  0.03781218 -1.10617995]
8.1238521,[-1.04674566  0.28005373 -1.07180297],[ 0.90854573  0.03816952 -1.10691476]
8.1401863,[-1.04930878  0.27940434 -1.07333982],[ 0.90376073  0.03858896 -1.10794914]
8.148173199999999,[-1.05063736  0.2789982  -1.07416081],[ 0.90141416  0.03885761 -1.10850346]
8.157436699999998,[-1.05195892  0.27873781 -1.07481253],[ 0.89906329  0.03903896 -1.10905409]
8.166767699999998,[-1.05319893  0.27842078 -1.07552123],[ 0.89667672  0.03921769 -1.10966134]
8.1752815,[-1.05436563  0.27809018 -1.0763371 ],[ 0.89432007  0.03938708 -1.11022592]
8.183227899999999,[-1.05557311  0.27781865 -1.07702112],[ 0.89201844  0.03963754 -1.11083782]
8.190761299999998,[-1.05682254  0.27752578 -1.07768941],[ 0.88968068  0.03976621 -1.11147249]
8.198919399999998,[-1.0580343   0.27729082 -1.07825553],[ 0.88733673  0.03986073 -1.11212695]
8.2092496,[-1.05913341  0.27713802 -1.0788573 ],[ 0.88503677  0.03997651 -1.11273658]
8.2197316,[-1.06093848  0.27668908 -1.07979953],[ 0.88158101  0.04013806 -1.11372781]
8.227607899999999,[-1.06209254  0.27644354 -1.08039653],[ 0.87929004  0.04021698 -1.11442721]
8.236043299999999,[-1.06322873  0.2762008  -1.08097053],[ 0.87700832  0.04033651 -1.11512816]
8.244524199999997,[-1.06433463  0.275976   -1.08152485],[ 0.87472093  0.04036772 -1.11585307]
8.253262,[-1.06535435  0.2756944  -1.08219373],[ 0.87248307  0.04041518 -1.11657917]
8.261670299999999,[-1.06647658  0.27555534 -1.08262193],[ 0.87029546  0.04042128 -1.11728501]
8.2698556,[-1.06748009  0.27530801 -1.0831418 ],[ 0.86809534  0.04041993 -1.11803079]
8.2789443,[-1.06850982  0.27514619 -1.08365762],[ 0.86591429  0.04043918 -1.11878157]
8.287554099999998,[-1.06943476  0.27501002 -1.08412755],[ 0.86372513  0.04041744 -1.11954868]
8.295720499999998,[-1.07037306  0.2747266  -1.08471787],[ 0.86157197  0.04044215 -1.12032878]
8.307241399999999,[-1.07173407  0.27451882 -1.08539581],[ 0.85838598  0.04044091 -1.12148321]
8.315778899999998,[-1.07250583  0.27444842 -1.08576596],[ 0.85622281  0.04039539 -1.12225485]
8.323856199999998,[-1.07340491  0.2742494  -1.08622169],[ 0.85415584  0.04044047 -1.12304902]
8.331525199999998,[-1.07418072  0.27406323 -1.08658922],[ 0.85206449  0.0403597  -1.12381792]
8.341221999999998,[-1.07491636  0.27386284 -1.0869261 ],[ 0.85001981  0.0403562  -1.12461913]
8.3520839,[-1.07594168  0.27362609 -1.08739281],[ 0.84691644  0.04025517 -1.12580764]
8.360611899999999,[-1.07659233  0.27346399 -1.08771408],[ 0.84489846  0.04018148 -1.12660551]
8.369087999999998,[-1.07715607  0.27329615 -1.08800006],[ 0.84290189  0.04018229 -1.12733209]
8.377461399999998,[-1.07770741  0.27314463 -1.08827436],[ 0.84094763  0.0401505  -1.12818086]
8.3880014,[-1.07820296  0.27298328 -1.08851862],[ 0.83902842  0.04013595 -1.1289748 ]
8.397044399999999,[-1.07866883  0.27282286 -1.08876848],[ 0.83715576  0.04006238 -1.12973762]
8.4075861,[-1.07926929  0.27254367 -1.08908832],[ 0.83429503  0.04005751 -1.1308006 ]
8.4187619,[-1.0798322   0.2722812  -1.08935022],[ 0.83150381  0.04000696 -1.13189363]
8.4276263,[-1.08016825  0.27211943 -1.08953595],[ 0.82965612  0.03999123 -1.13266671]
8.436702099999998,[-1.0804863   0.27196535 -1.08969402],[ 0.8278321   0.03996327 -1.13340819]
8.4461859,[-1.08075404  0.27178967 -1.08982277],[ 0.82601118  0.03996915 -1.13413143]
8.4546374,[-1.08099067  0.27156085 -1.08995366],[ 0.82426906  0.03991513 -1.13482046]
8.4646762,[-1.08132064  0.2712253  -1.09015143],[ 0.82168573  0.0398578  -1.13584852]
8.474017999999997,[-1.0815084   0.27100688 -1.09027648],[ 0.81996942  0.03980165 -1.13653374]
8.482254599999997,[-1.08166671  0.2707628  -1.0903759 ],[ 0.81828749  0.03972344 -1.13721907]
8.490453199999997,[-1.08181083  0.27048263 -1.0904901 ],[ 0.81663358  0.03966034 -1.13786066]
8.498176599999997,[-1.08193529  0.27021328 -1.09061968],[ 0.81500196  0.03959295 -1.13853574]
8.508298199999999,[-1.08205128  0.2699264  -1.09073937],[ 0.81346363  0.03950496 -1.13916469]
8.519452899999997,[-1.08215189  0.269425   -1.09091902],[ 0.81115031  0.03933696 -1.14014065]
