20.2419564,0
20.2517925,0
20.2618846,0
20.271923,0
20.2824196,0
20.291929,0
20.3018727,0
20.3118766,0
20.3218764,0
20.3319177,0
20.3418724,0
20.3517752,0
20.3619376,0
20.371903,0
20.3821894,0
20.3918928,0
20.401856,0
20.4118603,0
20.4219338,0
20.4319787,0
20.4419032,0
20.4518829,0
20.4618527,0
20.4720396,0
20.4820392,0
20.4918096,0
20.5019127,0
20.5118996,0
20.5218175,0
20.5323148,0
20.5418991,0
20.5519094,0
20.5618142,0
20.5718461,0
20.5818336,0
20.5918912,0
20.601941,0
20.6118408,0
20.6218396,0
20.6320385,0
20.6418584,0
20.6520622,0
20.6618551,0
20.6718712,0
20.6823971,0
20.6918522,0
20.7018702,0
20.7118367,0
20.7217392,0
20.7319369,0
20.7419144,0
20.7519888,0
20.7618247,0
20.7718791,0
20.7822005,0
20.7918863,0
20.8019307,0
20.8118935,0
20.8218412,0
20.8320537,0
20.8448967,0
20.8518811,0
20.8618464,0
20.8718982,0
20.8821755,0
20.8917978,0
20.9019025,0
20.9119005,0
20.9219055,0
20.9321514,0
20.9418422,0
20.9518072,0
20.9619096,0
20.9719148,0
20.9820481,0
20.9918989,0
21.0018279,0
21.011865,0
21.021969,0
21.0321075,0
21.0420278,0
21.0518508,0
21.06181,0
21.0718846,0
21.0818963,0
21.0919063,0
21.1018621,0
21.1119196,0
21.1218852,0
21.1321653,0
21.1419195,0
21.1519366,0
21.1618191,0
21.1718439,0
21.1822379,0
21.191877,0
21.2017542,0
21.2119838,0
21.2218197,0
21.2319552,0
21.2418582,0
21.2517758,0
21.2619116,0
21.2719903,0
21.2825653,0
21.2919219,0
21.3020005,0
21.3119224,0
21.3219341,0
21.3321399,0
21.341688,0
21.35195,0
21.3619261,0
21.3718429,0
21.3831679,0
21.3919215,0
21.4018268,0
21.411852,0
21.4218546,0
21.4322783,0
21.4420055,0
21.4518226,0
21.4620122,0
21.4719849,0
21.4820205,0
21.49191,0
21.5019905,0
21.5118772,0
21.5216886,0
21.5334285,0
21.5422035,0
21.5519457,0
21.5619348,0
21.5717846,0
21.5822282,0
21.5919291,0
21.602004,0
21.6117154,0
21.622005,0
21.6321103,0
21.6420109,0
21.6517626,0
21.6619489,0
21.6718052,0
21.6819626,0
21.6917777,0
21.7018944,0
21.7119053,0
21.72191,0
21.7322721,0
21.7419057,0
21.7518285,0
21.7617959,0
21.7718533,0
21.7819135,0
21.791915,0
21.8019254,0
21.8119036,0
21.8218466,0
21.8320455,0
21.841896,0
21.8518314,0
21.8619806,0
21.8719317,0
21.8817774,0
21.8916674,0
21.9018682,0
21.9118914,0
21.9218688,0
21.932112,0
21.9418767,0
21.9519603,0
21.9618485,0
21.9719417,0
21.983323,0
21.9918528,0
22.0018833,0
22.0118956,0
22.0218189,0
22.0320186,0
22.0419071,0
22.0523298,0
22.0618948,0
22.0718645,0
22.082396,0
22.0919173,0
22.1018662,0
22.1120086,0
22.1219176,0
22.1320716,0
22.1419664,0
22.1518379,0
22.1617211,0
22.1718086,0
22.1819927,0
22.1918037,0
22.207881,0
22.2116966,0
22.2218402,0
22.2322672,0
22.2418973,0
22.2519366,0
22.2618857,0
22.2718389,0
22.2824952,0
22.2918954,0
22.3018322,0
22.3118493,0
22.3218505,0
22.3318933,0
22.3418608,0
22.3519126,0
22.3617727,0
22.3719438,0
22.3833064,0
22.3919627,0
22.4019317,0
22.4118864,0
22.4219349,0
22.4326226,0
22.4418284,0
22.4519245,0
22.4618584,0
22.4718799,0
22.4819663,0
22.4919392,0
22.50182,0
22.5118551,0
22.5218076,0
22.5318266,0
22.5417718,0
22.5519192,0
22.5616996,0
22.5718744,0
22.5832319,0
22.5919378,0
22.6019634,0
22.6118625,0
22.6218884,0
22.6332863,0
22.6418334,0
22.6518986,0
22.6619186,0
22.6717552,0
22.6821669,0
22.6919218,0
22.7017562,0
22.7118295,0
22.7219436,0
22.7321496,0
22.7418817,0
22.7518711,0
22.7618822,0
22.771838,0
22.7819304,0
22.7920827,0
22.8019076,0
22.8118516,0
22.8220895,0
22.8320758,0
22.8418618,0
22.8519118,0
22.8619832,0
22.8719337,0
22.8833805,0
22.8918641,0
22.9017516,0
22.9119533,0
22.9218428,0
22.9332532,0
22.9419145,0
22.9518059,0
22.961906,0
22.9719115,0
22.9831526,0
22.9918284,0
23.0018974,0
23.0117876,0
23.0219127,0
23.0322113,0
23.0417705,0
23.0520642,0
23.0619391,0
23.0732038,0
23.0819031,0
23.0918676,0
23.1019021,0
23.1118565,0
23.1218059,0
23.1321961,0
23.1418018,0
23.1518714,0
23.161926,0
23.1719544,0
23.181855,0
23.1919333,0
23.2018748,0
23.211904,0
23.2219123,0
23.2334005,0
23.2418342,0
23.2519459,0
23.2618297,0
23.271831,0
23.2832931,0
23.2918052,0
23.3019274,0
23.3118872,0
23.3218428,0
23.3333541,0
23.3418687,0
23.3518149,0
23.3619444,0
23.3718261,0
23.3823803,0
23.391917,0
23.401869,0
23.4117743,0
23.4219065,0
23.4322991,0
23.4418008,0
23.4519215,0
23.4618841,0
23.4720774,0
23.4833708,0
23.4918243,0
23.5019493,0
23.5119186,0
23.521873,0
23.5331733,0
23.5419114,0
23.5526133,0
23.5619479,0
23.5719825,0
23.5833381,0
23.5918856,0
23.6018617,0
23.6118144,0
23.6219639,0
23.6332229,0
23.6418623,0
23.6519835,0
23.661871,0
23.6719224,0
23.6822324,0
23.6918501,0
23.7019745,0
23.7119094,0
23.7218737,0
23.7323072,0
23.7419284,0
23.7518162,0
23.7619756,0
23.7719133,0
23.7822712,0
23.7918601,0
23.8018689,0
23.8119276,0
23.8219713,0
23.832204,0
23.8419549,0
23.8518911,0
23.8620005,0
23.8718911,0
23.8822588,0
23.8918301,0
23.9018962,0
23.9119933,0
23.9218144,0
23.9332989,0
23.9419312,0
23.9517732,0
23.9618732,0
23.9718615,0
23.9823808,0
23.9918907,0
24.0018575,0
24.0119307,0
24.0219293,0
24.03219,0
24.0418983,0
24.0519462,0
24.0618199,0
24.0718918,0
24.0833142,0
24.0918164,0
24.1019502,0
24.1119131,0
24.1217881,0
24.1335929,0
24.141912,0
24.1517774,0
24.161993,0
24.1719197,0
24.1819861,0
24.1919075,0
24.2020447,0
24.2118994,0
24.2219498,0
24.2319159,0
24.2419312,0
24.251949,0
24.2618839,0
24.2720555,0
24.2825636,0
24.291774,0
24.3019744,0
24.3119802,0
24.3218941,0
24.3322398,0
24.3418737,0
24.3519981,0
24.3618745,0
24.3718456,0
24.3834328,0
24.3919642,0
24.4017622,0
24.4120081,0
24.4219785,0
24.4324342,0
24.4418664,0
24.4520069,0
24.4617737,0
24.4719435,0
24.4823684,0
24.4918837,0
24.5018177,0
24.5117266,0
24.5219125,0
24.5333662,0
24.541846,0
24.5519848,0
24.5618446,0
24.5719474,0
24.5823676,0
24.5918718,0
24.6019612,0
24.6119389,0
24.621703,0
24.6323076,0
24.6419108,0
24.6517746,0
24.6619088,0
24.6717837,0
24.6833639,0
24.691876,0
24.7018119,0
24.7119224,0
24.7219049,0
24.733214,0
24.741753,0
24.7518839,0
24.7617211,0
24.7719297,0
24.7817475,0
24.7918909,0
24.8017983,0
24.8118443,0
24.821951,0
24.8319286,0
24.8418626,0
24.85179,0
24.8618429,0
24.8719288,0
24.8823502,0
24.8919405,0
24.902115,0
24.9118662,0
24.9218133,0
24.9318385,0
24.9418838,0
24.9518063,0
24.9617813,0
24.971884,0
24.9832806,0
24.9917566,0
25.0018807,0
25.0118736,0
25.0219902,0
25.0319424,0
25.0418772,0
25.0518591,0
25.0618828,0
25.0718354,0
25.0819806,0
25.0919806,0
25.1018759,0
25.1119959,0
25.1216364,0
25.1322026,0
25.1419919,0
25.1519129,0
25.1618093,0
25.171999,0
25.1821345,0
25.1917983,0
25.2018833,0
25.2117842,0
25.2218895,0
25.2323214,0
25.2418203,0
25.2519262,0
25.2619239,0
25.271793,0
25.2822895,0
25.2919179,0
25.3017769,0
25.3118733,0
25.3218708,0
25.3327147,0
25.3418872,0
25.3519715,0
25.3618788,0
25.371864,0
25.382228,0
25.3917847,0
25.4019168,0
25.4119148,0
25.4217569,0
25.4323248,0
25.4418351,0
25.4518622,0
25.4618589,0
25.4719253,0
25.4832442,0
25.4919421,0
25.5017986,0
25.5118975,0
25.5218758,0
25.5321014,0
25.5418548,0
25.5519027,0
25.5617349,0
25.5718907,0
25.5829324,0
25.5916974,0
25.601876,0
25.6119314,0
25.6218047,0
25.6329218,0
25.6418616,0
25.6519642,0
25.6618857,0
25.6719807,0
25.682478,0
25.691934,0
25.7018636,0
25.7119684,0
25.7218356,0
25.7327345,0
25.7419174,0
25.7520234,0
25.7617183,0
25.7719094,0
25.7822852,0
25.7917993,0
25.8019316,0
25.8119386,0
25.821744,0
25.8321476,0
25.8418636,0
25.8519505,0
25.8618233,0
25.8718177,0
25.88244,0
25.891941,0
25.9018704,0
25.9120053,0
25.921821,0
25.9330819,0
25.9420169,0
25.9519451,0
25.9619293,0
25.9719492,0
25.9822853,0
25.9917866,0
26.0019316,0
26.0119056,0
26.0217494,0
26.0324548,0
26.0419128,0
26.0519147,0
26.0619134,0
26.0718669,0
26.0819422,0
26.0920108,0
26.1019101,0
26.1119505,0
26.1220669,0
26.1326137,0
26.1418419,0
26.1519243,0
26.1619425,0
26.1719753,0
26.1819595,0
26.1918935,0
26.2018159,0
26.211831,0
26.2218887,0
26.2333416,0
26.2418845,0
26.2518919,0
26.2618167,0
26.2717654,0
26.2826871,0
26.29192,0
26.3019288,0
26.3119084,0
26.3218692,0
26.3333427,0
26.3418908,0
26.3517385,0
26.3619112,0
26.3719017,0
26.3821884,0
26.3919327,0
26.4019296,0
26.4117414,0
26.422004,0
26.4322693,0
26.4417822,0
26.4518368,0
26.4618281,0
26.471815,0
26.482257,0
26.4918444,0
26.5019397,0
26.5117917,0
26.5218396,0
26.5325391,0
26.5419036,0
26.5518098,0
26.5619878,0
26.5718889,0
26.5821439,0
26.5919577,0
26.6018587,0
26.6117886,0
26.6216836,0
26.6322703,0
26.6418198,0
26.6519043,0
26.6620606,0
26.671906,0
26.683378,0
26.6917991,0
26.7018639,0
26.7118865,0
26.7218136,0
26.7332199,0
26.7418808,0
26.7518177,0
26.7618723,0
26.7718998,0
26.7821714,0
26.7919078,0
26.801865,0
26.8118544,0
26.8218946,0
26.8321602,0
26.8419104,0
26.8518919,0
26.8617657,0
26.8718894,0
26.882027,0
26.891792,0
26.901871,0
26.9118269,0
26.9217274,0
26.9319618,0
26.9418118,0
26.9517487,0
26.9619051,0
26.9717648,0
26.9818504,0
26.9918669,0
27.0018726,0
27.0119498,0
27.0219127,0
27.0318128,0
27.0419071,0
27.0518643,0
27.0618228,0
27.0718196,0
27.0821202,0
27.0918745,0
27.1018414,0
27.1118391,0
27.121767,0
27.1322867,0
27.141873,0
27.1517893,0
27.1618897,0
27.1719115,0
27.1819398,0
27.1918159,0
27.2017819,0
27.2117848,0
27.2217231,0
27.2332078,0
27.241703,0
27.2518719,0
27.2618604,0
27.2719496,0
27.2822653,0
27.2918544,0
27.3018812,0
27.3118909,0
27.3218234,0
27.333454,0
27.3419414,0
27.3518003,0
27.3618294,0
27.3718442,0
27.3818939,0
27.3918328,0
27.4018805,0
27.4117291,0
27.4220294,0
27.4322549,0
27.4419305,0
27.451937,0
27.4617605,0
27.4718495,0
27.4822523,0
27.4918265,0
27.5018939,0
27.5118375,0
27.5216674,0
27.5335328,0
27.5418099,0
27.5517709,0
27.5618633,0
27.5718748,0
27.5823774,0
27.5919055,0
27.6018535,0
27.6119731,0
27.6219329,0
27.6321764,0
27.6419497,0
27.6518609,0
27.6617497,0
27.6719256,0
27.6832211,0
27.6917162,0
27.7018369,0
27.7118563,0
27.7219355,0
27.7323129,0
27.7416945,0
27.7518915,0
27.7619146,0
27.771839,0
27.7822252,0
27.7919585,0
27.8017161,0
27.8119059,0
27.8220188,0
27.8323986,0
27.8420335,0
27.8518607,0
27.8617361,0
27.8719595,0
27.8835118,0
27.891894,0
27.9019312,0
27.911963,0
27.9218875,0
27.9333347,0
27.9418459,0
27.9518376,0
27.9616757,0
27.9715771,0
27.9816775,0
27.9915245,0
28.0016839,0
28.0114247,0
28.0216997,0
28.0314823,0
28.0414703,0
28.0515972,0
28.0615546,0
28.0716709,0
28.0815061,0
28.0916021,0
28.1015861,0
28.1115683,0
28.1216245,0
28.131486,0
28.1415279,0
28.1515276,0
28.1614638,0
28.1716814,0
28.1817888,0
28.1914783,0
28.2015333,0
28.2115422,0
28.2215509,0
28.2319176,938
28.2417361,1571
28.2519963,2130
28.2620303,2420
28.2744945,2525
28.281915,2570
28.2920954,2616
28.3019848,2552
28.3118608,2370
28.3242025,2186
28.3336992,1743
28.3420205,1150
28.3520399,941
28.3619952,781
28.3741171,901
28.3819861,1135
28.3943291,1423
28.4077631,1573
28.4143948,1728
28.4230657,1808
28.4381139,1858
28.4467578,1893
28.466009,1839
28.4668249,1742
28.4737103,1551
28.4819724,1373
28.4919136,1273
28.5020129,1297
28.5119464,1441
28.5236804,1567
28.5319534,1740
28.5433995,1903
28.5569852,2063
28.564055,2150
28.5768203,2218
28.5900865,2237
28.5969462,2207
28.6095387,2144
28.6161445,2109
28.6244277,2076
28.6322385,2078
28.6420045,2088
28.6565471,2068
28.6640724,2123
28.6768635,2152
28.689968,2180
28.6968491,2240
28.7096043,2288
28.7232524,2357
28.7236554,2426
28.7319381,2447
28.7428922,2475
28.7519866,2428
28.761974,2394
28.7739265,2336
28.782043,2251
28.7938791,2255
28.806979,2273
28.8137773,2272
28.8265766,2292
28.840364,2321
28.8469393,2366
28.8599591,2367
28.8735462,2374
28.8739544,2372
28.8819121,2344
28.8934752,2300
28.9072009,2239
28.9142481,2131
28.9221019,1881
28.9362797,1737
28.9424878,1402
28.9572471,1009
28.9644485,207
28.9723807,0
28.9865693,0
28.9914693,0
29.0017441,0
29.0116786,0
29.0216039,0
29.0316757,0
29.0414484,0
29.0517617,0
29.0615391,0
29.0716367,0
29.0829516,0
29.0916106,0
29.1016474,0
29.1115483,0
29.1216372,0
29.1316069,0
29.1415821,0
29.1516287,0
29.1615721,0
29.1715348,0
29.1816653,0
29.1914607,0
29.2015753,0
29.2115297,0
29.2215639,0
29.2316246,0
29.2415039,0
29.2515219,0
29.2614945,0
29.2715485,0
29.2815425,0
29.291475,0
29.3016111,0
29.3114803,0
29.3216394,0
29.331491,0
29.3415308,0
29.3515636,0
29.3615161,0
29.3715932,0
29.3818266,0
29.3913981,0
29.401589,0
29.4115126,0
29.4219586,0
29.4323936,0
29.4417706,0
29.4517938,0
29.4615511,0
29.4716482,0
29.481508,0
29.4915135,0
29.5015814,0
29.511441,0
29.5216133,0
29.5316062,0
29.5415183,0
29.5515368,0
29.5614943,0
29.5715824,0
29.5816704,0
29.5914933,0
29.6016543,0
29.6115216,0
29.621596,0
29.6316033,0
29.6414124,0
29.6516193,0
29.6614639,0
29.6716583,0
29.6815868,0
29.6918366,274
29.7019001,1164
29.711953,1436
29.7244472,1617
29.7319289,1732
29.7447762,1776
29.7554842,1775
29.7620307,1757
29.7723835,1682
29.7835109,1500
29.7925074,1274
29.8023677,1135
29.812294,880
29.8232266,778
29.8324226,927
29.8422644,1090
29.8560771,1258
29.8631971,1440
29.8743017,1493
29.8822854,1538
29.8921559,1423
29.9026654,1259
29.9122321,1161
29.9228343,1243
29.9332574,1444
29.9421038,1640
29.9524242,1856
29.9623273,2028
29.9732783,2194
29.982251,2330
29.9921393,2387
30.0025297,2468
30.0122726,2495
30.0229516,2484
30.0321646,2440
30.0421457,2347
30.0523527,2206
30.0621955,2052
30.0733389,2017
30.0837227,2042
30.0921499,2063
30.1021701,2100
30.1122635,2146
30.1231087,2168
30.1340215,2176
30.1430113,2205
30.1569486,2195
30.1648817,2152
30.1737982,2129
30.1823792,2049
30.1923292,1981
30.2023727,1916
30.2122316,1894
30.223021,1897
30.2327324,1950
30.2421881,2012
30.2523406,2073
30.2621292,2127
30.2732446,2136
30.2822804,2125
30.2923236,2100
30.302377,2054
30.3120338,1992
30.3232915,1983
30.3321605,1992
30.3421966,2048
30.352498,2105
30.3621347,2158
30.3730572,2202
30.3827286,2210
30.3921666,2240
30.4022955,2254
30.4123023,2259
30.4228832,2248
30.4323872,2254
30.4421898,2233
30.4525471,2239
30.4622669,2244
30.4731362,2252
30.4825259,2243
30.4921864,2303
30.502466,2314
30.5122148,2346
30.5232419,2356
30.533119,2385
30.5422475,2408
30.5523356,2418
30.5622719,2429
30.5733792,2418
30.5823762,2410
30.592327,2415
30.6023289,2413
30.6122481,2419
30.6233024,2420
30.6321498,2418
30.6422794,2438
30.6523372,2432
30.6622155,2438
30.673691,2435
30.6829937,2429
30.6922747,2426
30.7025258,2415
30.7122273,2388
30.7232967,2397
30.7323341,2383
30.7421814,2360
30.7523863,2321
30.762237,2300
30.7732753,2285
30.7827897,2286
30.7922746,2290
30.8024746,2298
30.8123506,2287
30.8231989,2313
30.8322714,2317
30.8422192,2329
30.8524136,2344
30.8620556,2352
30.8734465,2334
30.8823525,2347
30.8922462,2371
30.9025819,2361
30.91213,2350
30.9234606,2344
30.9333238,2324
30.9421924,2330
30.9524654,2303
30.9622472,2287
30.9733631,2289
30.982311,2280
30.9927945,2319
31.0023303,2293
31.0122274,2214
31.0232694,2126
31.0329436,2012
31.0421977,1818
31.0524128,1727
31.0621289,1512
31.0735753,1391
31.0830549,1293
31.0924191,1221
31.1024749,1273
31.1121578,1327
31.1238455,1485
31.1324394,1541
31.1421072,1614
31.1524566,1739
31.1621705,1758
31.1737326,1729
31.1821206,1602
31.1921865,1494
31.2022882,1357
31.2121334,1167
31.2236887,1017
31.2324222,898
31.2428523,622
31.2570265,348
31.2649627,85
31.2727164,111
31.2822282,125
31.292125,217
31.30255,277
31.3121281,431
31.3235567,530
31.3324782,536
31.3423368,629
31.3524066,644
31.3622587,687
31.3733094,697
31.3824023,632
31.3922391,632
31.4023045,641
31.4121925,602
31.4237243,623
31.4322646,687
31.4425873,636
31.4566626,628
31.4638333,649
31.4756562,751
31.4825583,792
31.4922743,804
31.5023958,770
31.512215,708
31.5234482,573
31.5323227,582
31.5421202,396
31.5567586,436
31.5636941,328
31.5755563,306
31.583296,146
31.5922326,109
31.602124,84
31.6119399,0
31.6233963,0
31.6328768,0
31.6419575,0
31.6518979,0
31.6621976,56
31.6721511,374
31.682168,466
31.6922274,605
31.7022314,738
31.7121569,783
31.7238201,860
31.7331128,861
31.7420932,933
31.7570232,932
31.7639589,956
31.7764289,1002
31.7905493,961
31.7972473,1005
31.8102612,1024
31.8244601,1000
31.8250008,816
31.8330104,482
31.8420615,0
31.8522778,0
31.8619047,0
31.8722061,0
31.8817195,0
31.8917127,0
31.9016342,0
31.9119123,0
31.9219337,0
31.9331889,0
31.9419594,0
31.9522474,271
31.9621567,485
31.9727728,783
31.98365,982
31.9936086,1068
32.0075463,1145
32.0145147,1199
32.0232026,1231
32.03889,1103
32.0458047,1028
32.0599649,729
32.0742236,386
32.0747573,122
32.0819546,0
32.0920125,0
32.1019293,0
32.1117902,0
32.1218942,0
32.1331546,0
32.1418534,0
32.1519286,0
32.1618331,0
32.1718068,0
32.1823593,0
32.1918956,0
32.202255,459
32.2121725,412
32.2237164,244
32.2321456,154
32.2451829,0
32.2578277,0
32.2616709,0
32.2722329,0
32.2835138,0
32.2918683,0
32.301927,0
32.3117212,0
32.3219255,0
32.3333717,0
32.3418744,0
32.3518738,0
32.3617024,0
32.3718597,0
32.3822632,0
32.3917709,0
32.401931,0
32.4118279,0
32.4217555,0
32.4323404,0
32.441862,0
32.4518038,0
32.4619017,0
32.4721936,362
32.4821938,655
32.492234,749
32.502219,700
32.5121004,608
32.5245121,385
32.5322903,128
32.5417902,0
32.5564114,0
32.5617532,0
32.5721937,0
32.582072,0
32.5919422,0
32.6019052,0
32.6118547,0
32.6217712,0
32.6323312,0
32.6418553,0
32.6518104,0
32.6621131,82
32.6722039,905
32.6830652,1145
32.6929301,1260
32.7083213,1392
32.7156006,1476
32.7246044,1452
32.7411273,1462
32.748553,1372
32.7572829,1169
32.7734721,995
32.7739773,739
32.7822609,377
32.7949322,410
32.8076945,459
32.8150343,516
32.8237422,849
32.839116,1020
32.8464487,1300
32.8604233,1504
32.8741278,1729
32.8746542,1888
32.8828483,2086
32.8922684,2131
32.9022169,2138
32.9121915,2096
32.924365,1968
32.9323742,1814
32.9424957,1519
32.9522332,1350
32.9624274,1258
32.9741126,1281
32.9822434,1397
32.9922476,1547
33.0022156,1743
33.0122581,1894
33.0239641,1990
33.0335343,1990
33.0420602,2120
33.0524373,2190
33.0622342,2209
33.0738763,2239
33.0827131,2268
33.0922327,2254
33.1020859,2246
33.1123386,2257
33.1241101,2246
33.1332025,2193
33.1437124,2159
33.15691,2088
33.1645007,2063
33.1732898,2063
33.1821552,2095
33.1921186,2111
33.202482,2149
33.2122562,2177
33.2237624,2223
33.2322586,2239
33.2433303,2255
33.2572263,2216
33.2640055,2101
33.2769856,1800
33.2902862,1581
33.2974818,1192
33.3108336,815
33.3242388,574
33.3248751,154
33.3320791,0
33.3418904,0
33.351804,0
33.3617161,0
33.3718529,0
33.3819594,0
33.3917788,0
33.4018275,0
33.4117668,0
33.4218429,0
33.4319181,0
33.4417599,0
33.4518925,0
33.4618313,0
33.471797,0
33.4832179,0
33.4919041,0
33.5017793,0
33.5118599,0
33.5218877,0
33.5335537,0
33.5417882,0
33.5518249,0
33.5617663,0
33.5718953,0
33.5833088,0
33.5916737,0
33.601886,0
33.6118545,0
33.6219129,0
33.6330904,0
33.6418117,0
33.6518749,0
33.6618789,0
33.6718766,0
33.6822469,0
33.6918304,0
33.7018419,0
33.7118239,0
33.7218934,0
33.7320635,0
33.7419567,0
33.7518411,0
33.7617853,0
33.771913,0
33.783599,0
33.7919015,0
33.8018579,0
33.8119228,0
33.8218478,0
33.8318326,0
33.8417618,0
33.8516813,0
33.8616702,0
33.8717859,0
33.8825446,0
33.892009,0
33.9018884,0
33.9118526,0
33.9223066,0
33.9317881,0
33.941911,0
33.9518823,0
33.9617047,0
33.9718859,0
33.9822604,0
33.9918575,0
34.0019068,0
34.0118024,0
34.0219726,0
34.0335517,0
34.0417028,0
34.0518794,0
34.0618191,0
34.0718613,0
34.082813,0
34.091852,0
34.1017687,0
34.111775,0
34.1218183,0
34.1322661,0
34.1419304,0
34.1517914,0
34.1619245,0
34.1718779,0
34.1820894,0
34.1919404,0
34.2018168,0
34.2118914,0
34.2218791,0
34.2317771,0
34.2416607,0
34.2516876,0
34.2616383,0
34.2720232,0
34.2822045,0
34.2918567,0
34.3017615,0
34.3118231,0
34.3218501,0
34.3333201,0
34.3418019,0
34.35186,0
34.3618757,0
34.3716803,0
34.3822766,0
34.3919118,0
34.4017723,0
34.4118698,0
34.4218001,0
34.4332735,0
34.441895,0
34.4517848,0
34.4618911,0
34.4719016,0
34.4818187,0
34.4918556,0
34.5017969,0
34.5117036,0
34.5218537,0
34.5322046,0
34.5416752,0
34.5518938,0
34.5618322,0
34.5718243,0
34.5833826,0
34.5918373,0
34.6018255,0
34.6118936,0
34.6217769,0
34.6322645,0
34.6418359,0
34.6518054,0
34.6617219,0
34.6718196,0
34.683042,0
34.6919093,0
34.7018854,0
34.711747,0
34.721943,0
34.7337069,0
34.7418397,0
34.7518929,0
34.7618724,0
34.7718138,0
34.78332,0
34.7917668,0
34.8018444,0
34.8118684,0
34.8218074,0
34.8321171,0
34.8418693,0
34.8517723,0
34.8618883,0
34.8718091,0
34.8832475,0
34.8918915,0
34.9018756,0
34.9116642,0
34.9219406,0
34.9329643,0
34.9418216,0
34.9518494,0
34.9618005,0
34.9717197,0
34.9833361,0
34.9917789,0
35.0018001,0
35.0119201,0
35.0217903,0
35.033368,0
35.0418421,0
35.0518868,0
35.0618589,0
35.0718474,0
35.0819641,0
35.0919303,0
35.1018864,0
35.1118305,0
35.1218833,0
35.1323034,0
35.1417185,0
35.1518107,0
35.1618273,0
35.1718686,0
35.2192259,0
35.2200453,0
35.22044,0
35.2207933,0
35.2214144,0
35.232153,0
35.2418964,0
35.2517508,0
35.2620324,0
35.2719713,0
35.281974,0
35.2919462,0
35.301857,0
35.3119231,0
35.3219087,0
35.33202,0
35.3419663,0
35.3519232,0
35.3616955,0
35.3718943,0
35.3821904,0
35.3918669,0
35.401887,0
35.4118001,0
35.421756,0
35.4321479,0
35.4417766,0
35.4518857,0
35.4619396,0
35.4717242,0
35.4819943,0
35.4918307,0
35.5016795,0
35.5118822,0
35.5218063,0
35.5321541,0
35.5417419,0
35.5517335,0
35.5617297,0
35.5718485,0
35.5827226,0
35.5917974,0
35.6018211,0
35.6118527,0
35.6218597,0
35.6322202,0
35.6418088,0
35.6518917,0
35.6618721,0
35.671706,0
35.6822705,0
35.6918758,0
35.7017514,0
35.7118366,0
35.7218436,0
35.732987,0
35.741884,0
35.751822,0
35.7619442,0
35.7718016,0
35.7827946,0
35.791848,0
35.801784,0
35.8119211,0
35.8218941,0
35.8325789,0
35.8417961,0
35.851883,0
35.8618435,0
35.8718419,0
35.8821765,0
35.8919545,0
35.901612,0
35.9117593,0
35.9216173,0
35.9324095,0
35.9418383,0
35.9518572,0
35.9618771,0
35.9718525,0
35.981958,0
35.9918955,0
36.0017965,0
36.011816,0
36.0219846,0
36.0332007,0
36.0417178,0
36.051682,0
36.0617302,0
36.0717805,0
36.0821062,0
36.0918953,0
36.1016633,0
36.1119042,0
36.1219783,0
36.1337575,0
36.1418179,0
36.1518202,0
36.1619458,0
36.1718093,0
36.1822431,0
36.1919156,0
36.2018558,0
36.2118862,0
36.2218516,0
36.2322776,0
36.2418538,0
36.2518128,0
36.2618508,0
36.2716939,0
36.2822662,0
36.2919336,0
36.3016992,0
36.3118432,0
36.3218735,0
36.3318486,0
36.3418206,0
36.3517858,0
36.3616731,0
36.3718305,0
36.3820864,0
36.3919664,563
36.4019508,1101
36.4121738,1425
36.4253169,1551
36.4324814,1609
36.4422932,1617
36.4574721,1593
36.4661432,1549
36.474545,1338
36.4829563,1038
36.4922394,718
36.5022787,632
36.5124055,492
36.5241528,473
36.5331535,512
36.5448411,562
36.5572785,768
36.5642797,968
36.5731845,1176
36.5822851,1317
36.5937001,1402
36.6067807,1480
36.6139535,1516
36.6270759,1562
36.6402217,1568
36.6480472,1551
36.656042,1514
36.6632313,1458
36.6759465,1379
36.6838461,1361
36.6920936,1375
36.7026107,1429
36.7121638,1484
36.7234924,1644
36.7322237,1770
36.7429094,1869
36.7565974,1938
36.7642793,2026
36.7727223,2060
36.7830427,2093
36.7927842,2097
36.802219,2134
36.8120541,2108
36.8233047,2096
36.8321415,2096
36.8422269,2063
36.8521896,2010
36.8622429,2031
36.8732591,2028
36.8839582,2012
36.8927465,2014
36.9023285,2008
36.9122318,2036
36.9235899,2040
36.9325397,2063
36.943662,2076
36.9566633,2089
36.9645265,2067
36.972574,2066
36.982098,2063
36.9925618,2040
37.0022031,2064
37.0122268,2074
37.0236563,2095
37.0323356,2088
37.043146,2079
37.0563329,2095
37.0635881,2058
37.0757265,2065
37.0833575,2064
37.092145,2078
37.1025631,2024
37.1121105,1978
37.1231172,1930
37.1323108,1850
37.1421865,1781
37.1526574,1712
37.1621567,1656
37.1732249,1633
37.1843825,1616
37.1922156,1630
37.2023198,1664
37.2122927,1716
37.2236821,1762
37.2321881,1822
37.2428411,1837
37.2565248,1924
37.2636433,1953
37.2757406,1969
37.2897677,1967
37.2970035,1958
37.309358,1989
37.3231184,1967
37.3236074,2002
37.3322602,1988
37.3429189,1992
37.3565656,1984
37.3636829,1977
37.3758183,1983
37.389435,1999
37.3981448,1987
37.4079939,2025
37.41601,2050
37.4249714,2068
37.4340221,2069
37.4424206,2042
37.4525188,2048
37.4622142,2023
37.4732805,2035
37.4820842,2034
37.4929059,2031
37.5022636,2031
37.5120388,1984
37.5232463,1993
37.5323528,1967
37.5420705,1916
37.5526537,1886
37.562165,1872
37.5733608,1850
37.5821644,1812
37.5920856,1803
37.6020879,1793
37.612024,1786
37.6239866,1788
37.6324487,1823
37.6422138,1834
37.6521118,1861
37.6621538,1880
37.67387,1910
37.6823269,1913
37.6922471,1901
37.7023756,1905
37.7121025,1891
37.7230999,1874
37.7322886,1874
37.7420908,1882
37.7521718,1862
37.762107,1848
37.773101,1786
37.7821728,1775
37.7931146,1726
37.8064702,1701
37.8132651,1659
37.8254153,1645
37.8332462,1640
37.8421142,1592
37.8522921,1619
37.8621678,1619
37.8721103,1616
37.8823146,1588
37.8922302,1525
37.9024377,1540
37.9122185,1470
37.9233107,1423
37.9322615,1277
37.9427222,1134
37.952288,1041
37.9620804,1018
37.9733901,978
37.9833814,917
37.9929499,921
38.0023281,915
38.01221,904
38.0237385,974
38.0321015,1007
38.0435024,1048
38.056488,1208
38.0645248,1216
38.072492,1233
38.0822938,1245
38.0920967,1173
38.1025597,1146
38.1122482,946
38.1232567,813
38.1322498,686
38.1427823,346
38.151828,0
38.1618134,0
38.1718847,0
38.1821426,0
38.1917944,0
38.2016834,0
38.2118093,0
38.221766,0
38.2329948,0
38.2418551,0
38.2517915,0
38.2618187,0
38.2717782,0
38.2825138,0
38.2920004,0
38.301884,0
38.3117898,0
38.322023,0
38.3333179,0
38.3417769,0
38.3519104,0
38.3617679,0
38.3716674,0
38.3822898,0
38.3918423,0
38.4018334,0
38.4119135,0
38.4219731,0
38.431873,0
38.4419025,0
38.4518114,0
38.4618135,0
38.4721406,48
38.483354,995
38.4922158,1281
38.5082964,1444
38.5149644,1641
38.5239348,1698
38.5397907,1711
38.5460339,1670
38.5613877,1599
38.5620327,1482
38.5742975,1407
38.5822863,1359
38.5921909,1327
38.6020916,1337
38.6122887,1391
38.6250089,1428
38.6325691,1577
38.6421747,1600
38.6572956,1727
38.6636989,1818
38.6785355,1865
38.691017,1945
38.6986889,1985
38.7072419,1985
38.7121603,1979
38.7242961,1949
38.7323081,1921
38.7421604,1904
38.7521579,1916
38.762119,1889
38.7740131,1871
38.7822801,1864
38.7921398,1843
38.8021264,1821
38.8121792,1830
38.824195,1822
38.8332408,1820
38.8422303,1826
38.8521699,1826
38.8622081,1844
38.8743331,1834
38.8836417,1858
38.8922342,1860
38.9070826,1823
38.9147338,1662
38.9232368,1372
38.9322414,914
38.9446797,0
38.9572826,0
38.9616948,0
38.9720293,0
39.0113542,0
39.0124566,0
39.0127926,0
39.0130938,0
39.0217469,0
39.0315292,0
39.0415034,0
39.0515451,0
39.0614542,0
39.071619,0
39.0815411,0
39.0915582,0
39.1015406,0
39.1114814,0
39.1215522,0
39.1316411,0
39.1414714,0
39.1516723,0
39.1613615,0
39.1715183,0
39.1818875,0
39.1914681,0
39.2016026,0
39.211433,0
39.2215777,0
39.2314631,0
39.2415395,0
39.2515702,0
39.2613661,0
39.2715332,0
39.2816044,0
39.2915339,0
39.3015355,0
39.3114391,0
39.3215622,0
39.3317576,0
39.3415125,0
39.3515607,0
39.3614963,0
39.3715432,0
39.3817379,0
39.391464,0
39.4015819,0
39.4113745,0
39.4216213,0
39.4316112,0
39.441497,0
39.4518902,166
39.4617953,351
39.4733998,830
39.4819258,1024
39.4952796,1089
39.5081114,1129
39.5161251,1104
39.5247194,1057
39.5405713,938
39.5481724,861
39.556497,742
39.5714791,694
39.5719008,575
39.5820155,536
39.5919414,573
39.6020295,614
39.6117992,719
39.6237295,903
39.6320301,1134
39.6418861,1264
39.6518999,1406
39.6618831,1521
39.6742941,1648
39.6828249,1679
39.6919712,1726
39.7019795,1696
39.7119031,1690
39.7240065,1674
39.7318758,1694
39.7442931,1711
39.7570781,1696
39.7649772,1711
39.7737861,1743
39.7880427,1759
39.7949561,1772
39.8078193,1804
39.8148492,1807
39.8242219,1850
39.8338933,1906
39.8426531,1976
39.8576662,2018
39.8750744,2035
39.8755233,2063
39.8824524,2074
39.8921259,2063
39.9021595,2026
39.9121932,1997
39.9238331,1999
39.932254,1924
39.9419004,1866
39.951816,1762
39.9620023,1647
39.9734325,1482
39.9819895,1353
39.9922716,1252
40.0020521,1200
40.0118624,1136
40.0231975,1027
40.031953,986
40.042228,952
40.0519883,940
40.0619106,916
40.0738241,898
40.0820546,933
40.0920004,916
40.1018614,920
40.1120172,913
40.1233143,948
40.1319329,957
40.1424572,959
40.1564397,936
40.1639496,888
40.1761562,831
40.1831944,758
40.1919732,670
40.2020826,573
40.2119027,520
40.2232157,496
40.2319751,549
